case_id,age,sex,graft,tibial_slope_deg,tegner_preinjury,rts_12mo,followup_years,graft_failure,failure_2y
A0001,25,Male,BPTB,10.9,6,1,5.29,0,0
A0002,29,Male,BPTB,6.4,6,0,2.67,0,0
A0003,37,Female,hamstring,10.2,4,1,2.01,0,0
A0004,38,Female,hamstring,11.7,7,1,2.3,0,0
A0005,28,Female,hamstring,13,9,1,5.35,0,0
A0006,26,Female,BPTB,10.4,8,1,2.83,0,0
A0007,25,Female,BPTB,10.4,6,1,5.38,0,0
A0008,26,Female,hamstring,9.1,5,0,5.55,0,0
A0009,25,Male,hamstring,11.2,6,1,1.19,1,1
A0010,27,Male,BPTB,12.2,10,1,3.61,0,0
A0011,21,Male,hamstring,17.2,7,0,4.14,0,0
A0012,23,Female,hamstring,12.1,4,1,5.56,0,0
A0013,38,Female,hamstring,12.7,4,0,4.05,0,0
A0014,31,Female,hamstring,5.7,8,0,2.76,0,0
A0015,24,Male,BPTB,11.2,6,1,3.51,0,0
A0016,45,Male,hamstring,12.1,6,1,4.7,0,0
A0017,26,Female,hamstring,8.1,6,0,0.29,1,1
A0018,23,Male,BPTB,12.4,8,1,1.41,1,1
A0019,24,Male,hamstring,12.1,7,1,5.56,0,0
A0020,23,Female,BPTB,11,7,0,4.54,0,0
A0021,23,Female,hamstring,10.1,7,1,3.82,0,0
A0022,50,Male,BPTB,10.4,4,0,3.26,0,0
A0023,16,Female,hamstring,15.2,9,1,3.31,0,0
A0024,26,Female,BPTB,8,7,0,2.53,0,0
A0025,27,Female,quadriceps,6.4,5,0,0.02,1,1
A0026,28,Male,hamstring,6.6,6,0,2.4,0,0
A0027,21,Male,hamstring,6.9,7,0,2.47,0,0
A0028,26,Female,hamstring,10.5,7,1,5.46,0,0
A0029,25,Female,BPTB,8.1,8,1,5.67,0,0
A0030,30,Male,BPTB,10.9,8,1,0.91,1,1
A0031,21,Female,BPTB,6.2,9,1,4.66,0,0
A0032,19,Male,quadriceps,11,9,1,3.24,0,0
A0033,26,Female,hamstring,9.4,5,0,2.04,0,0
A0034,20,Female,hamstring,9.6,1,0,5.1,0,0
A0035,27,Female,quadriceps,5.4,4,0,5.86,0,0
A0036,21,Male,BPTB,11.3,8,1,0.48,1,1
A0037,22,Female,hamstring,8.4,7,0,5.37,0,0
A0038,38,Male,hamstring,5,4,0,3.71,0,0
A0039,16,Female,hamstring,8.5,9,1,6,0,0
A0040,39,Male,BPTB,8.7,7,0,5.65,0,0
A0041,29,Male,BPTB,11.2,3,1,1.42,1,1
A0042,19,Male,hamstring,8.4,6,0,3.64,1,0
A0043,30,Female,BPTB,13.5,7,1,2.73,0,0
A0044,46,Male,BPTB,11.8,9,0,3.32,0,0
A0045,22,Male,quadriceps,11,4,0,2.5,0,0
A0046,22,Male,quadriceps,11.4,6,0,1.34,1,1
A0047,42,Female,BPTB,8.9,4,1,4.22,0,0
A0048,30,Female,BPTB,7.4,9,0,2.64,0,0
A0049,26,Male,hamstring,14,7,0,4.2,0,0
A0050,16,Female,BPTB,13.2,9,1,3.3,0,0
A0051,29,Female,BPTB,12.8,7,1,2.82,0,0
A0052,23,Female,quadriceps,9.8,7,0,3.88,0,0
A0053,40,Male,BPTB,9.8,2,1,2.77,0,0
A0054,26,Female,BPTB,8.8,5,0,5.55,0,0
A0055,29,Female,quadriceps,10.2,6,0,5.02,0,0
A0056,17,Male,hamstring,6.2,8,0,3.72,0,0
A0057,38,Male,BPTB,13.2,4,0,4.42,0,0
A0058,39,Female,hamstring,4.5,3,0,3.03,0,0
A0059,28,Male,quadriceps,12.6,6,1,2.45,0,0
A0060,28,Female,quadriceps,9.6,8,0,2.29,0,0
A0061,36,Male,quadriceps,11.5,4,0,2.79,0,0
A0062,30,Male,hamstring,16.2,4,0,5.38,0,0
A0063,33,Male,hamstring,10.3,5,1,3.23,1,0
A0064,23,Male,BPTB,11,6,1,3.09,0,0
A0065,43,Female,hamstring,8.8,3,0,4.59,0,0
A0066,24,Male,BPTB,12,7,0,5.28,0,0
A0067,26,Male,BPTB,8.5,4,0,3.91,0,0
A0068,25,Female,BPTB,9.5,5,1,3.82,0,0
A0069,17,Male,hamstring,9.3,6,0,4.03,0,0
A0070,20,Male,hamstring,12.8,6,0,2.29,0,0
A0071,21,Female,hamstring,10.3,5,0,3.67,0,0
A0072,20,Male,hamstring,10.6,6,0,4.79,0,0
A0073,25,Female,BPTB,6.1,7,1,4.53,0,0
A0074,40,Female,BPTB,6.3,5,1,4.33,0,0
A0075,20,Male,hamstring,5,6,0,3.68,0,0
A0076,21,Male,quadriceps,5.5,8,0,5.35,0,0
A0077,23,Female,hamstring,12.2,4,0,2.77,0,0
A0078,16,Male,hamstring,11.6,7,1,5.51,0,0
A0079,22,Female,hamstring,8,5,1,2.27,0,0
A0080,23,Male,BPTB,12.6,6,1,4.21,1,0
A0081,21,Male,hamstring,6.8,6,0,3.93,0,0
A0082,28,Male,quadriceps,5.9,9,0,3,0,0
A0083,25,Female,BPTB,5.2,7,1,2.58,0,0
A0084,23,Male,hamstring,7.1,7,0,4.7,0,0
A0085,28,Female,BPTB,9.9,6,0,2.09,0,0
A0086,24,Male,hamstring,8.1,7,0,4.24,0,0
A0087,18,Female,hamstring,10.8,4,0,2.51,0,0
A0088,25,Male,hamstring,5.9,5,0,4.18,0,0
A0089,39,Female,hamstring,7.2,4,0,4.6,0,0
A0090,25,Male,BPTB,11.7,4,1,3.21,0,0
A0091,22,Female,hamstring,8.4,4,0,3.96,0,0
A0092,33,Male,quadriceps,8.5,6,0,0.54,1,1
A0093,27,Male,hamstring,8.6,7,1,3.83,0,0
A0094,26,Male,hamstring,6.9,7,1,3.26,0,0
A0095,20,Female,BPTB,11.1,8,1,2.27,1,0
A0096,28,Female,hamstring,8.2,7,1,4.45,0,0
A0097,25,Male,hamstring,10,6,1,4.56,0,0
A0098,20,Male,hamstring,8.6,8,1,0.12,1,1
A0099,28,Female,quadriceps,7.4,8,0,2.02,0,0
A0100,23,Male,BPTB,7.1,7,1,2.65,0,0
A0101,24,Female,quadriceps,8,6,0,3.14,0,0
A0102,23,Male,hamstring,4.1,6,0,4.25,0,0
A0103,31,Female,hamstring,10.9,6,0,4.52,0,0
A0104,41,Female,hamstring,6.6,5,0,5.65,0,0
A0105,44,Female,hamstring,10.5,6,0,4.5,0,0
A0106,22,Female,quadriceps,10.4,6,1,2.75,0,0
A0107,28,Male,quadriceps,6.8,8,0,3.61,0,0
A0108,37,Male,hamstring,8.4,5,1,5.39,0,0
A0109,31,Female,BPTB,10.7,10,1,1.42,1,1
A0110,21,Female,BPTB,11.9,8,0,3.27,0,0
A0111,24,Male,BPTB,11.9,7,1,4.08,0,0
A0112,22,Female,hamstring,8.6,8,1,3.58,0,0
A0113,24,Female,hamstring,13,7,1,3.02,0,0
A0114,30,Male,BPTB,10.9,8,1,4.3,0,0
A0115,30,Male,BPTB,14.6,5,0,3.74,0,0
A0116,31,Female,BPTB,11.7,7,0,3.56,0,0
A0117,32,Male,hamstring,11.3,4,0,2.26,0,0
A0118,31,Male,quadriceps,9.4,10,1,5.07,0,0
A0119,25,Female,hamstring,8.6,3,0,5.82,0,0
A0120,22,Male,BPTB,9.3,7,1,5.11,0,0
A0121,39,Female,hamstring,11,6,0,2.39,0,0
A0122,24,Male,quadriceps,7.7,5,0,3.55,0,0
A0123,25,Male,BPTB,8.3,7,1,3.51,0,0
A0124,25,Male,BPTB,7,6,1,5.23,0,0
A0125,27,Female,BPTB,13.1,6,1,2.17,0,0
A0126,27,Female,BPTB,9.8,7,0,4.68,0,0
A0127,16,Male,quadriceps,8.4,6,1,4.51,0,0
A0128,42,Male,hamstring,5.8,7,0,4.98,0,0
A0129,33,Male,BPTB,9.7,7,1,5.31,0,0
A0130,48,Male,hamstring,13.6,6,0,2.15,0,0
A0131,25,Male,BPTB,8,5,1,5,0,0
A0132,33,Female,hamstring,13.8,7,0,2.84,0,0
A0133,50,Male,hamstring,10,3,0,3.21,0,0
A0134,22,Male,BPTB,7.7,8,1,3.4,0,0
A0135,27,Female,hamstring,7.7,8,1,3.2,0,0
A0136,23,Female,quadriceps,9.2,10,0,4.9,0,0
A0137,27,Male,quadriceps,8.2,8,1,4.17,0,0
A0138,34,Male,BPTB,8,6,0,5.19,0,0
A0139,24,Male,BPTB,11.9,8,1,4.37,0,0
A0140,29,Female,hamstring,7.7,6,0,1.78,1,1
A0141,32,Female,hamstring,12.3,7,0,2.32,0,0
A0142,36,Female,hamstring,12.8,5,1,3.55,0,0
A0143,33,Male,hamstring,9.7,7,0,5.17,0,0
A0144,19,Male,BPTB,10.4,10,1,2.34,0,0
A0145,29,Male,hamstring,12.1,9,1,4.24,1,0
A0146,21,Female,quadriceps,8.8,5,1,4.16,1,0
A0147,32,Male,BPTB,12.9,6,1,2.73,0,0
A0148,24,Male,hamstring,8.8,8,1,0.45,1,1
A0149,32,Female,hamstring,6.2,6,0,2.58,0,0
A0150,39,Female,hamstring,11.3,5,1,5.84,0,0
A0151,20,Female,hamstring,10.1,7,1,2.6,0,0
A0152,18,Male,hamstring,13.8,8,0,3.52,0,0
A0153,29,Female,hamstring,14.5,5,0,2.21,0,0
A0154,30,Male,BPTB,7.4,7,0,4.02,0,0
A0155,29,Female,hamstring,11.8,6,1,3.56,0,0
A0156,42,Male,hamstring,6.2,7,0,2.23,0,0
A0157,27,Male,hamstring,9.4,7,0,4.8,0,0
A0158,26,Female,BPTB,11.8,8,1,3.17,0,0
A0159,21,Male,BPTB,11.6,7,1,1,1,1
A0160,16,Female,hamstring,9.3,7,1,4.59,0,0
A0161,49,Male,BPTB,14,6,0,2.87,0,0
A0162,27,Male,hamstring,9.5,7,1,2.84,0,0
A0163,26,Male,quadriceps,7.1,8,0,2.54,0,0
A0164,43,Female,hamstring,10.8,7,0,0.87,1,1
A0165,24,Female,quadriceps,12.9,7,0,0.04,1,1
A0166,26,Female,hamstring,11.7,8,1,4.77,0,0
A0167,23,Male,quadriceps,10.2,5,0,2.83,0,0
A0168,34,Male,hamstring,10.9,5,0,2.42,0,0
A0169,42,Female,hamstring,9.7,7,0,5.65,0,0
A0170,19,Male,hamstring,11.8,6,1,3.16,0,0
A0171,23,Female,hamstring,12.2,5,1,3.08,1,0
A0172,23,Male,hamstring,8.7,8,1,4.41,0,0
A0173,40,Female,quadriceps,10.3,6,0,3.57,0,0
A0174,28,Male,quadriceps,9.4,7,0,4.77,0,0
A0175,30,Female,BPTB,10,6,1,5.25,0,0
A0176,40,Male,hamstring,7.2,9,1,4.17,0,0
A0177,18,Male,quadriceps,5.7,7,0,2.08,0,0
A0178,26,Male,hamstring,4.8,6,1,5.45,0,0
A0179,45,Male,hamstring,9.1,7,0,2.3,0,0
A0180,27,Female,hamstring,14.4,6,0,2.98,1,0
A0181,36,Male,BPTB,5.2,6,0,2.1,0,0
A0182,21,Male,BPTB,12.8,8,1,3.36,0,0
A0183,34,Female,hamstring,8.7,5,0,5.64,0,0
A0184,25,Male,quadriceps,10.6,6,0,4.47,0,0
A0185,32,Female,BPTB,9.3,5,0,5.67,0,0
A0186,33,Male,hamstring,7.4,6,1,2.42,0,0
A0187,45,Male,BPTB,8.6,6,0,3.56,0,0
A0188,20,Female,quadriceps,8.8,10,1,0.16,1,1
A0189,34,Male,quadriceps,5.5,4,0,2.95,0,0
A0190,24,Female,quadriceps,6.1,7,0,2.41,0,0
A0191,42,Female,BPTB,9.3,8,0,4.07,0,0
A0192,47,Female,hamstring,9.4,7,0,2.69,0,0
A0193,42,Female,quadriceps,7.2,6,0,3.65,0,0
A0194,22,Female,BPTB,10.8,6,1,1.02,1,1
A0195,21,Female,quadriceps,6.6,7,0,4.31,0,0
A0196,30,Female,BPTB,10.3,6,0,5.28,0,0
A0197,28,Female,BPTB,7.5,7,0,5.11,0,0
A0198,21,Male,hamstring,5.9,8,1,4.89,0,0
A0199,23,Male,quadriceps,9.6,6,1,5.18,0,0
A0200,24,Male,hamstring,6,7,0,4.63,0,0
A0201,22,Male,hamstring,13,5,0,1.25,1,1
A0202,18,Male,hamstring,8.9,9,1,4.72,0,0
A0203,22,Female,BPTB,13.3,5,1,3.1,0,0
A0204,19,Male,hamstring,7.8,6,1,3.04,0,0
A0205,28,Female,hamstring,13.8,8,0,2.25,1,0
A0206,20,Male,hamstring,12,8,1,3.39,1,0
A0207,18,Male,BPTB,9.2,8,1,3.97,0,0
A0208,36,Male,quadriceps,9,6,1,2.19,0,0
A0209,24,Female,hamstring,13.4,6,1,5.13,0,0
A0210,27,Male,BPTB,12,8,1,2.38,0,0
A0211,20,Female,hamstring,6.9,8,1,5.65,0,0
A0212,24,Male,hamstring,12.6,7,1,4.85,0,0
A0213,22,Male,hamstring,9.8,5,0,5.23,0,0
A0214,27,Female,hamstring,14.7,4,0,1.89,1,1
A0215,21,Male,hamstring,12.9,5,1,4.38,0,0
A0216,20,Male,hamstring,11,5,1,3.78,0,0
A0217,29,Male,BPTB,10.1,5,0,4.62,0,0
A0218,31,Female,BPTB,7.4,6,1,2.81,0,0
A0219,35,Female,hamstring,6.7,7,1,5.92,0,0
A0220,20,Male,BPTB,5.9,4,1,0.36,1,1
A0221,42,Male,BPTB,11.1,7,1,5.75,0,0
A0222,24,Female,hamstring,14,7,0,2.65,0,0
A0223,28,Male,BPTB,7.7,7,0,3.06,0,0
A0224,29,Male,BPTB,12.1,9,1,5.07,0,0
A0225,36,Male,BPTB,8.4,7,0,5.98,0,0
A0226,22,Female,BPTB,4.1,5,0,5.21,0,0
A0227,33,Male,BPTB,8.2,6,1,4.8,0,0
A0228,25,Male,BPTB,9.7,8,1,3.53,0,0
A0229,28,Male,BPTB,7.2,8,1,5.01,0,0
A0230,36,Female,BPTB,9.7,7,0,2.44,0,0
A0231,38,Male,quadriceps,8,3,0,3.12,0,0
A0232,35,Male,quadriceps,9.8,7,0,2.91,0,0
A0233,42,Male,BPTB,10.1,9,1,4.33,0,0
A0234,34,Female,hamstring,7.8,8,0,4.31,0,0
A0235,28,Male,hamstring,7.6,8,1,5.44,0,0
A0236,18,Female,hamstring,13,9,1,6,0,0
A0237,26,Female,hamstring,4.7,8,0,5.93,0,0
A0238,24,Male,BPTB,12.1,9,1,1.34,1,1
A0239,29,Female,hamstring,13.4,6,0,1.22,1,1
A0240,30,Male,hamstring,8.2,4,0,0.9,1,1
A0241,25,Male,hamstring,9.8,7,0,4.67,0,0
A0242,24,Male,quadriceps,10.2,5,1,5.93,0,0
A0243,20,Male,hamstring,7.8,10,1,3.56,0,0
A0244,18,Female,quadriceps,11.1,9,1,2.55,0,0
A0245,21,Male,quadriceps,10.3,8,1,5.51,0,0
A0246,29,Male,hamstring,11.1,9,0,4.69,0,0
A0247,25,Male,quadriceps,11.1,10,1,3.7,0,0
A0248,27,Male,BPTB,9.8,5,0,2.11,0,0
A0249,20,Female,hamstring,10.2,7,1,3.9,0,0
A0250,33,Female,BPTB,10.7,6,1,4.14,0,0
A0251,32,Male,quadriceps,9.2,7,0,2.71,0,0
A0252,29,Female,hamstring,10.3,6,0,2.71,0,0
A0253,38,Female,hamstring,11.2,4,0,2.21,0,0
A0254,20,Male,hamstring,7.4,4,0,0.81,1,1
A0255,20,Female,BPTB,12.7,8,1,3.64,0,0
A0256,28,Female,hamstring,10.7,6,0,5.98,0,0
A0257,31,Male,BPTB,11.2,3,0,4.9,0,0
A0258,24,Female,hamstring,10.6,7,0,3.29,0,0
A0259,28,Male,hamstring,10.6,6,0,4.98,0,0
A0260,26,Male,hamstring,8.9,6,1,4.43,0,0
A0261,34,Female,BPTB,12.1,6,0,5.56,0,0
A0262,26,Male,BPTB,8.7,5,0,5.75,0,0
A0263,18,Female,hamstring,9.5,10,1,2.34,0,0
A0264,29,Male,hamstring,9.1,5,0,4.81,0,0
A0265,23,Male,hamstring,6.4,6,1,3.93,0,0
A0266,27,Female,quadriceps,7.9,4,0,4.33,0,0
A0267,23,Male,BPTB,11.3,7,1,0.77,1,1
A0268,25,Female,hamstring,12.3,8,1,3.22,0,0
A0269,34,Male,quadriceps,11.8,5,0,3.58,0,0
A0270,22,Male,quadriceps,5.3,4,0,3.93,0,0
A0271,25,Female,hamstring,11.3,8,1,3.51,0,0
A0272,24,Female,hamstring,12.9,4,0,3.76,0,0
A0273,40,Male,hamstring,7.9,3,0,4.62,0,0
A0274,17,Female,BPTB,8,6,0,2.92,0,0
A0275,18,Male,hamstring,9,6,1,2.12,0,0
A0276,20,Male,hamstring,7.2,6,0,2.68,0,0
A0277,37,Male,quadriceps,9.7,6,0,4.99,0,0
A0278,20,Female,hamstring,15.8,4,0,4.57,0,0
A0279,30,Male,BPTB,12.1,4,0,3.96,0,0
A0280,26,Female,hamstring,16.3,3,0,3.17,0,0
A0281,46,Male,quadriceps,10.5,6,0,5.1,0,0
A0282,30,Female,hamstring,7.5,8,1,5.92,0,0
A0283,30,Female,BPTB,11.1,6,0,4.93,1,0
A0284,23,Female,hamstring,12.1,9,1,2.31,0,0
A0285,42,Male,hamstring,11.7,6,0,5.28,0,0
A0286,28,Female,hamstring,11,6,0,2.98,0,0
A0287,27,Male,BPTB,8.6,6,1,2,0,0
A0288,50,Male,hamstring,11.7,7,1,2.16,0,0
A0289,28,Female,hamstring,13.8,5,0,3.94,0,0
A0290,22,Female,hamstring,7.5,5,0,4.33,0,0
A0291,17,Male,hamstring,4,6,0,4.1,0,0
A0292,16,Female,quadriceps,4.8,8,0,3,0,0
A0293,25,Female,hamstring,6.5,5,1,2.88,0,0
A0294,20,Male,hamstring,9.5,7,1,4.6,0,0
A0295,26,Female,BPTB,11.5,6,0,4.92,0,0
A0296,31,Male,quadriceps,9.3,5,0,5.29,0,0
A0297,20,Female,quadriceps,6.2,8,1,5.93,0,0
A0298,35,Male,hamstring,7.1,4,0,3.49,0,0
A0299,37,Female,BPTB,5.8,9,1,3.2,0,0
A0300,23,Male,hamstring,10.5,7,1,3.2,0,0
A0301,31,Male,BPTB,13.8,8,0,4.11,0,0
A0302,23,Male,quadriceps,10.1,10,0,2.06,0,0
A0303,23,Male,hamstring,5.4,8,1,2.42,0,0
A0304,43,Female,BPTB,10,2,0,5.04,0,0
A0305,28,Female,BPTB,11.3,8,0,3.72,0,0
A0306,16,Female,BPTB,14.7,7,0,2.18,0,0
A0307,24,Male,quadriceps,9.9,7,0,3.21,0,0
A0308,29,Male,BPTB,7.6,6,1,4.22,0,0
A0309,23,Male,quadriceps,9.3,9,1,2.74,0,0
A0310,31,Female,quadriceps,12.1,6,1,3.88,0,0
A0311,41,Female,BPTB,13.6,7,1,2.14,0,0
A0312,39,Male,BPTB,6.2,5,1,3.44,0,0
A0313,36,Male,hamstring,12.3,8,0,4.54,0,0
A0314,24,Male,hamstring,12.8,7,1,3.04,0,0
A0315,29,Female,hamstring,11.2,7,1,3.94,0,0
A0316,21,Male,hamstring,10.3,6,0,3.74,1,0
A0317,26,Male,hamstring,7.7,7,1,4.4,0,0
A0318,29,Male,BPTB,16.7,10,0,4.06,0,0
A0319,38,Female,quadriceps,10,7,1,1.55,1,1
A0320,24,Male,hamstring,8.9,8,0,0.79,1,1
A0321,18,Male,BPTB,13.1,4,0,3.67,0,0
A0322,41,Male,BPTB,9.2,3,0,3.27,0,0
A0323,18,Male,hamstring,14.9,7,0,2.06,0,0
A0324,22,Female,hamstring,10.5,9,1,3.5,0,0
A0325,31,Female,hamstring,10,5,0,3.47,0,0
A0326,44,Male,hamstring,7.2,7,0,5.91,0,0
A0327,29,Female,quadriceps,5.4,4,0,2.27,0,0
A0328,32,Female,hamstring,9.6,7,0,2.97,0,0
A0329,40,Male,BPTB,5.3,7,0,3.67,0,0
A0330,40,Male,BPTB,8.5,5,0,3.66,0,0
A0331,50,Female,hamstring,6.8,3,1,5.8,0,0
A0332,21,Female,BPTB,10.5,9,1,5.25,0,0
A0333,40,Male,hamstring,11.7,6,0,2.02,0,0
A0334,22,Male,quadriceps,12.7,8,0,2.08,0,0
A0335,27,Female,hamstring,13.7,8,0,2.2,0,0
A0336,49,Male,BPTB,12.6,6,1,5.18,0,0
A0337,27,Male,hamstring,8.6,9,1,4.47,0,0
A0338,21,Male,BPTB,8.9,9,1,2.46,0,0
A0339,23,Male,hamstring,7.4,9,1,3.91,1,0
A0340,40,Male,hamstring,8.1,3,0,5.91,0,0
A0341,35,Male,quadriceps,9.1,5,0,5.74,0,0
A0342,50,Female,quadriceps,9.9,5,0,4.81,0,0
A0343,26,Male,BPTB,11.9,5,0,2.93,0,0
A0344,34,Female,hamstring,10.5,6,0,5.51,0,0
A0345,35,Male,hamstring,11.6,6,0,2.64,0,0
A0346,23,Male,BPTB,13,6,1,2.29,0,0
A0347,18,Female,hamstring,14.6,6,1,2.68,0,0
A0348,29,Female,quadriceps,12.7,6,1,3.95,0,0
A0349,23,Female,hamstring,8.3,6,0,2.98,0,0
A0350,26,Female,BPTB,6.8,4,1,2.03,0,0
