case_id,patient_id,site,surgeon,procedure,side,surgery_date,age,sex,bmi,asa,diabetes,hypertension,sleep_apnea,smoker,cci,anesthesia,approach,implant,op_time_min,los_days,discharge,readmit_90d,complication_90d,satisfaction_1yr,followup_years,event_status,revised
C0001,P0249,Site B,S2,TKA,R,2015-01-11,56,Female,23.9,1,1,0,0,former,0,spinal,,A,99,0,home,0,0,5,6.23,2,0
C0002,P0278,Site A,S1,THA,L,2015-01-14,82,Female,29.4,3,0,1,0,never,1,general,posterior,A,84,0,home,0,0,,3.27,2,0
C0003,P0447,Site B,S2,THA,L,2015-01-14,59,Male,31.3,3,0,1,0,former,2,spinal,anterior,A,79,0,home,0,1,4,10.96,0,0
C0004,P0251,Site A,S2,TKA,L,2015-01-22,66,Male,24.2,2,0,0,0,former,2,general,,A,83,0,home,0,0,5,10.94,0,0
C0005,P0148,Site A,S2,TKA,R,2015-01-30,67,Male,32.5,3,0,1,0,never,0,general,,C,80,1,home,0,0,4,5.79,1,1
C0006,P0316,Site A,S1,THA,R,2015-02-07,64,Female,31.4,2,0,1,0,current,1,spinal,anterior,C,78,0,home,0,0,,0.04,1,1
C0007,P0092,Site A,S2,TKA,L,2015-02-08,50,Male,35.3,3,0,0,1,former,0,general,,B,72,0,home,0,0,5,10.89,0,0
C0008,P0234,Site B,S1,THA,R,2015-02-24,59,Male,27.6,2,0,0,0,former,0,spinal,anterior,A,76,0,home,0,0,,10.85,0,0
C0009,P0337,Site B,S3,TKA,L,2015-03-02,62,Female,32.2,2,0,1,0,never,1,spinal,,A,87,0,home,0,0,4,10.83,0,0
C0010,P0173,Site B,S2,TKA,R,2015-03-16,60,Female,23.8,3,0,0,0,current,0,spinal,,A,100,2,home,0,0,5,10.8,0,0
C0011,P0490,Site B,S2,TKA,L,2015-03-23,50,Female,28.5,2,0,1,0,former,1,spinal,,B,90,0,home,0,0,5,7.91,2,0
C0012,P0125,Site B,S2,TKA,L,2015-03-27,54,Female,33.3,3,0,1,0,former,0,spinal,,B,95,0,home,0,0,4,2.35,0,0
C0013,P0021,Site B,S1,THA,R,2015-03-31,58,Female,26.1,2,0,1,0,never,0,spinal,posterior,A,68,0,home,0,0,5,6.09,0,0
C0014,P0452,Site A,S3,THA,R,2015-04-23,82,Female,43.9,3,0,1,0,never,3,general,anterior,C,113,5,home,0,0,,0.37,2,0
C0015,P0164,Site A,S1,TKA,R,2015-04-27,55,Female,22,2,0,0,0,former,0,spinal,,A,58,1,home,0,0,5,6.56,0,0
C0016,P0250,Site B,S3,THA,R,2015-05-09,45,Female,22.5,2,0,0,0,former,0,spinal,anterior,B,85,0,home,0,0,4,10.65,0,0
C0017,P0230,Site A,S1,THA,L,2015-05-14,53,Female,34.7,2,0,1,0,current,0,spinal,anterior,A,71,0,home,0,0,5,10.63,0,0
C0018,P0447,Site B,S1,THA,R,2015-05-31,59,Male,29.9,2,0,1,0,former,1,spinal,posterior,C,45,0,home,0,0,3,10.59,0,0
C0019,P0177,Site B,S3,THA,R,2015-06-09,79,Male,34.8,3,0,0,0,never,3,spinal,anterior,B,97,0,home,0,0,,0.71,2,0
C0020,P0343,Site A,S1,TKA,R,2015-06-11,72,Female,43.8,3,0,1,0,former,1,general,,B,95,0,home,0,0,5,3.74,1,1
C0021,P0045,Site A,S3,TKA,R,2015-06-17,49,Female,34.8,3,1,1,0,never,1,spinal,,B,95,0,home,0,0,5,10.54,0,0
C0022,P0079,Site B,S2,TKA,R,2015-06-17,62,Male,27.5,3,0,1,0,former,2,spinal,,C,72,2,home,0,0,5,7.06,0,0
C0023,P0124,Site B,S1,THA,R,2015-06-22,68,Male,30.3,2,0,0,1,former,1,spinal,posterior,A,98,0,home,0,0,4,10.53,0,0
C0024,P0304,Site B,S1,THA,L,2015-06-24,65,Female,32.8,3,0,1,0,former,1,general,anterior,A,98,0,home,0,0,4,7.33,1,1
C0025,P0268,Site B,S1,THA,R,2015-06-29,60,Male,32.6,3,0,0,0,current,0,general,anterior,A,85,2,home,0,0,5,10.51,0,0
C0026,P0327,Site B,S2,TKA,L,2015-07-06,65,Female,32.1,2,0,1,0,former,0,spinal,,B,80,1,home,0,1,,0.13,1,1
C0027,P0102,Site A,S3,TKA,L,2015-07-09,65,Female,27.5,2,0,1,0,never,0,general,,A,84,3,home,0,0,4,10.48,0,0
C0028,P0153,Site B,S3,THA,L,2015-07-10,60,Female,22.5,2,0,0,0,former,2,spinal,posterior,A,62,2,home,0,0,4,10.48,0,0
C0029,P0291,Site A,S2,TKA,L,2015-07-18,63,Female,30.2,2,0,0,0,never,1,spinal,,A,106,0,home,0,0,3,10.46,0,0
C0030,P0038,Site A,S3,TKA,L,2015-08-02,62,Female,29.7,2,0,0,0,never,0,spinal,,A,75,0,home,0,0,4,10.41,0,0
C0031,P0394,Site B,S1,THA,L,2015-08-10,60,Female,24.7,3,0,1,0,former,0,spinal,posterior,B,68,1,home,0,0,5,3.63,0,0
C0032,P0279,Site A,S3,THA,L,2015-08-17,61,Male,24.1,2,0,0,1,never,0,spinal,anterior,A,77,2,home,0,0,5,10.37,0,0
C0033,P0487,Site A,S1,THA,L,2015-08-18,67,Male,28.7,2,0,1,0,never,0,general,anterior,A,59,1,home,0,0,,0.16,0,0
C0034,P0178,Site A,S3,THA,L,2015-08-20,71,Male,22.2,3,0,1,0,former,0,general,anterior,A,62,2,rehabilitation clinic,0,0,1,10.37,0,0
C0035,P0519,Site A,S1,THA,R,2015-08-23,52,Female,33.5,1,0,0,1,current,0,spinal,anterior,C,92,0,home,0,0,4,3.76,1,1
C0036,P0346,Site A,S1,TKA,L,2015-08-28,67,Male,25.9,2,0,0,0,former,1,spinal,,C,70,3,home,0,0,5,5.25,2,0
C0037,P0508,Site B,S2,THA,R,2015-09-07,71,Female,26.5,2,0,1,0,never,0,spinal,anterior,B,86,1,home,0,0,5,5.98,2,0
C0038,P0337,Site B,S3,TKA,R,2015-09-18,62,Female,32.4,3,0,1,0,never,1,spinal,,C,94,1,rehabilitation clinic,0,0,1,7.82,1,1
C0039,P0080,Site A,S1,THA,R,2015-09-29,58,Female,32.8,4,0,1,0,former,0,spinal,anterior,B,95,2,home,1,0,4,6.46,0,0
C0040,P0177,Site B,S2,THA,L,2015-10-05,79,Male,33.9,3,0,0,0,never,2,spinal,posterior,A,81,2,home,0,0,,0.38,2,0
C0041,P0261,Site B,S2,TKA,L,2015-10-06,73,Male,34.9,3,0,1,0,never,0,spinal,,B,106,0,home,0,0,5,1,0,0
C0042,P0387,Site B,S3,TKA,R,2015-10-08,62,Male,27.5,1,0,0,0,never,1,general,,B,71,0,home,0,0,5,2.7,0,0
C0043,P0422,Site B,S1,TKA,R,2015-10-10,54,Male,20.6,1,0,0,0,never,0,spinal,,A,52,1,home,0,0,4,1.41,2,0
C0044,P0485,Site B,S1,THA,L,2015-10-11,76,Female,21.2,2,0,0,0,never,0,spinal,anterior,B,81,0,home,0,0,5,4.01,2,0
C0045,P0502,Site A,S3,TKA,R,2015-10-16,60,Male,35.9,3,0,0,1,former,0,spinal,,C,101,1,home,0,0,3,5.83,2,0
C0046,P0144,Site A,S2,THA,R,2015-10-27,49,Male,24.1,2,0,0,0,never,1,spinal,posterior,A,55,0,home,0,0,,0.05,1,1
C0047,P0507,Site B,S2,TKA,L,2015-10-28,77,Female,30.4,3,0,1,0,former,1,spinal,,B,98,0,home,0,0,2,4.01,1,1
C0048,P0443,Site A,S2,THA,R,2015-11-02,59,Female,29.8,2,0,0,0,former,0,spinal,posterior,B,76,1,home,0,0,1,2.37,2,0
C0049,P0473,Site B,S3,TKA,L,2015-11-08,77,Female,37.4,2,0,0,0,current,0,spinal,,A,98,4,rehabilitation clinic,0,1,4,10.15,0,0
C0050,P0497,Site B,S2,THA,L,2015-11-11,71,Female,29.8,3,1,1,0,never,2,spinal,posterior,A,70,0,home,0,1,5,10.14,0,0
C0051,P0205,Site A,S3,TKA,R,2015-11-13,51,Male,29,2,0,0,1,former,0,spinal,,B,65,0,home,0,0,4,10.13,0,0
C0052,P0424,Site A,S3,TKA,R,2015-11-13,75,Female,18,1,0,1,0,never,2,general,,B,79,1,home,0,0,5,1.93,2,0
C0053,P0285,Site B,S2,THA,L,2015-11-26,82,Female,25.8,3,1,0,0,never,4,spinal,anterior,B,83,1,home,0,0,,0.26,2,0
C0054,P0346,Site A,S1,TKA,R,2015-11-28,67,Male,25.8,1,0,0,0,former,0,spinal,,A,50,1,home,0,0,5,5,2,0
C0055,P0104,Site B,S3,TKA,L,2015-12-17,48,Female,38.9,2,0,1,1,former,0,spinal,,B,113,0,home,0,0,,3.21,0,0
C0056,P0504,Site B,S1,TKA,L,2015-12-28,62,Male,37.6,4,0,1,1,former,0,spinal,,C,96,0,home,0,0,5,4.63,1,1
C0057,P0281,Site A,S1,THA,L,2016-01-02,66,Female,25.5,2,0,0,0,former,1,spinal,anterior,C,56,0,home,0,0,5,4.54,1,1
C0058,P0457,Site A,S2,TKA,L,2016-01-03,56,Female,32.3,2,0,1,0,never,0,spinal,,A,102,0,home,0,0,5,7.39,0,0
C0059,P0317,Site A,S2,THA,R,2016-01-20,59,Female,20.9,3,0,0,0,former,1,general,anterior,A,69,0,rehabilitation clinic,0,0,5,2.58,1,1
C0060,P0256,Site B,S3,TKA,L,2016-01-22,52,Female,35.7,3,0,1,0,former,0,general,,A,86,0,home,0,0,5,9.94,0,0
C0061,P0499,Site A,S3,TKA,L,2016-01-26,56,Female,26.8,2,0,1,0,never,0,spinal,,A,65,1,home,0,1,4,9.93,0,0
C0062,P0373,Site B,S3,TKA,R,2016-01-28,61,Female,39.8,3,1,1,0,current,2,spinal,,B,98,1,home,0,0,5,2.34,1,1
C0063,P0265,Site B,S1,THA,R,2016-02-04,69,Female,18,1,0,0,0,never,1,spinal,posterior,A,69,0,home,0,0,4,4.33,2,0
C0064,P0193,Site B,S1,THA,R,2016-02-07,51,Male,34.1,3,0,0,1,never,4,spinal,anterior,B,62,1,home,0,0,5,8.77,0,0
C0065,P0448,Site A,S1,THA,L,2016-02-15,67,Male,33.9,3,0,1,0,never,1,general,anterior,B,83,1,home,0,0,4,9.88,0,0
C0066,P0032,Site B,S3,TKA,R,2016-02-18,62,Female,36.1,2,0,1,0,former,1,spinal,,B,90,1,home,1,0,,9.87,0,0
C0067,P0436,Site A,S2,TKA,R,2016-03-22,58,Male,25.4,3,0,1,0,current,1,spinal,,A,85,0,home,0,0,,0.25,0,0
C0068,P0025,Site B,S1,TKA,L,2016-03-29,65,Female,33.7,3,0,1,0,never,0,spinal,,B,74,2,home,1,0,,0.04,0,0
C0069,P0351,Site B,S1,THA,L,2016-04-03,58,Female,32.4,2,0,0,1,never,1,general,posterior,B,88,0,home,0,0,4,5.06,0,0
C0070,P0252,Site A,S2,TKA,R,2016-04-06,85,Female,33.3,3,0,0,0,never,1,general,,B,85,0,home,0,0,5,4.07,2,0
C0071,P0501,Site B,S2,THA,L,2016-04-11,71,Female,28.1,2,0,1,0,former,0,spinal,posterior,A,57,0,home,0,1,5,1.48,0,0
C0072,P0488,Site B,S3,TKA,L,2016-05-03,63,Male,36.2,2,0,1,1,former,1,spinal,,A,93,0,home,0,0,4,9.66,0,0
C0073,P0170,Site A,S1,THA,L,2016-05-06,68,Male,22.8,2,0,1,0,former,0,spinal,posterior,B,66,0,home,0,0,,7.53,0,0
C0074,P0241,Site A,S1,TKA,R,2016-05-21,70,Male,30.2,3,0,1,0,never,1,spinal,,B,68,0,home,0,0,5,1.41,0,0
C0075,P0307,Site A,S1,THA,L,2016-05-25,66,Female,29.1,3,0,1,0,current,0,spinal,anterior,A,54,1,home,0,0,,0.47,1,1
C0076,P0451,Site A,S3,TKA,L,2016-06-01,68,Male,41.1,3,0,1,1,never,0,spinal,,A,101,1,home,0,0,3,9.58,0,0
C0077,P0469,Site B,S1,TKA,L,2016-06-02,66,Female,42.5,2,0,1,1,former,2,general,,B,110,0,home,1,0,4,7.24,1,1
C0078,P0242,Site B,S2,THA,L,2016-06-07,61,Female,42.8,3,0,1,0,former,0,spinal,posterior,A,93,0,home,0,0,,0.26,1,1
C0079,P0200,Site B,S1,THA,R,2016-06-12,68,Male,30.8,3,0,1,0,former,2,spinal,anterior,B,98,0,home,0,0,5,6.44,1,1
C0080,P0175,Site A,S3,TKA,L,2016-06-20,66,Female,39.2,3,0,1,0,former,1,spinal,,A,94,1,home,0,0,,0.8,0,0
C0081,P0381,Site B,S2,THA,R,2016-07-08,45,Female,26.6,1,0,1,0,never,2,spinal,posterior,B,64,0,home,0,0,1,3.01,0,0
C0082,P0071,Site A,S3,THA,R,2016-07-10,52,Female,27.8,2,0,1,0,former,0,spinal,posterior,A,49,0,home,0,0,,0.14,1,1
C0083,P0274,Site A,S1,TKA,L,2016-07-12,79,Female,32.8,3,0,1,0,former,0,spinal,,B,111,1,home,0,0,5,5,2,0
C0084,P0106,Site B,S2,THA,L,2016-07-13,61,Male,31.9,2,0,1,0,former,0,spinal,anterior,C,92,2,home,0,0,4,5.16,2,0
C0085,P0283,Site A,S3,TKA,L,2016-07-15,68,Female,32.1,3,0,1,1,never,1,spinal,,A,83,0,home,0,0,4,4.21,2,0
C0086,P0259,Site A,S2,TKA,L,2016-07-19,80,Female,27.4,2,0,1,1,never,0,general,,B,79,1,home,0,0,,0.03,2,0
C0087,P0464,Site A,S3,THA,R,2016-07-26,68,Female,30.2,3,0,1,0,former,0,general,anterior,A,76,2,home,0,0,,4.72,0,0
C0088,P0256,Site B,S2,TKA,R,2016-07-27,52,Female,35.4,2,0,1,0,former,0,general,,C,96,2,home,0,0,4,9.43,0,0
C0089,P0335,Site A,S2,THA,R,2016-07-28,47,Female,27,2,0,0,0,former,0,general,posterior,C,45,1,home,0,0,4,9.43,0,0
C0090,P0029,Site A,S2,TKA,R,2016-07-29,40,Male,26.4,2,0,0,0,never,1,spinal,,A,107,1,home,0,0,3,9.42,0,0
C0091,P0328,Site B,S3,THA,L,2016-08-14,50,Male,36.8,2,0,0,1,former,0,general,anterior,B,70,0,home,0,0,3,9.38,0,0
C0092,P0416,Site B,S2,TKA,L,2016-09-01,75,Female,23.8,3,1,1,0,former,1,spinal,,A,88,0,home,0,0,4,5.28,2,0
C0093,P0051,Site A,S2,TKA,R,2016-09-12,61,Female,33.3,3,0,1,0,former,1,spinal,,B,112,0,home,0,0,4,9.3,0,0
C0094,P0266,Site A,S1,TKA,L,2016-09-21,60,Male,34.8,2,0,0,0,never,0,spinal,,A,114,0,home,0,0,5,9.28,0,0
C0095,P0276,Site A,S3,TKA,L,2016-09-23,56,Male,29.7,2,0,0,0,never,0,spinal,,B,86,1,home,0,0,5,9.27,0,0
C0096,P0100,Site B,S3,THA,R,2016-09-26,57,Female,29.5,2,0,1,0,never,1,spinal,posterior,C,66,1,home,0,0,,0.3,0,0
C0097,P0219,Site A,S1,THA,L,2016-10-05,74,Female,38.2,2,0,0,1,never,1,spinal,anterior,A,90,0,home,0,0,4,5.42,0,0
C0098,P0132,Site B,S2,THA,L,2016-10-07,65,Female,34.5,3,1,1,0,never,1,spinal,anterior,C,86,2,home,0,0,5,3.98,2,0
C0099,P0272,Site B,S2,TKA,R,2016-10-08,60,Female,30.5,2,0,1,0,former,0,spinal,,C,85,1,home,0,0,4,9.23,0,0
C0100,P0215,Site A,S2,THA,L,2016-10-13,71,Female,28.8,2,0,0,0,never,1,spinal,anterior,C,85,4,home,0,0,4,4.73,2,0
C0101,P0015,Site A,S2,TKA,L,2016-10-14,71,Male,38.3,4,0,1,1,never,1,general,,C,90,0,home,0,0,5,4.89,1,1
C0102,P0149,Site B,S1,TKA,L,2016-10-16,53,Female,33.4,2,0,0,0,former,0,spinal,,A,117,0,home,0,0,5,6.15,0,0
C0103,P0116,Site B,S1,TKA,L,2016-10-27,76,Female,34.2,3,1,1,1,never,1,spinal,,A,94,0,home,0,0,5,3.61,1,1
C0104,P0440,Site B,S1,TKA,L,2016-10-27,70,Male,23.6,3,1,0,0,never,1,spinal,,A,90,0,home,0,0,5,9.18,0,0
C0105,P0136,Site B,S2,TKA,L,2016-11-07,62,Female,31.9,3,0,1,0,former,1,spinal,,B,85,0,home,0,0,4,9.15,0,0
C0106,P0144,Site A,S1,THA,L,2016-11-07,50,Male,23.3,2,0,0,0,never,0,spinal,anterior,B,77,1,home,0,0,,5.72,0,0
C0107,P0435,Site A,S2,THA,R,2016-11-09,61,Female,22.3,2,0,0,0,former,0,spinal,anterior,C,45,3,home,0,0,5,9.14,0,0
C0108,P0111,Site B,S3,THA,R,2016-11-12,59,Female,30.2,2,0,0,0,never,0,general,posterior,B,101,1,home,0,0,4,9.13,0,0
C0109,P0032,Site B,S1,TKA,L,2016-11-15,62,Female,35.4,3,0,1,0,former,1,spinal,,C,110,0,home,0,0,,0.27,1,1
C0110,P0375,Site B,S3,TKA,L,2016-11-16,80,Female,33.8,2,1,1,0,former,1,general,,A,84,1,home,0,0,5,4.54,0,0
C0111,P0217,Site B,S2,THA,L,2016-11-22,82,Male,36.5,3,0,1,1,former,3,spinal,anterior,A,80,2,rehabilitation clinic,0,0,5,3.41,0,0
C0112,P0432,Site B,S3,THA,L,2016-11-28,62,Female,29.5,2,0,0,0,former,1,spinal,anterior,A,82,0,home,0,0,4,2.74,1,1
C0113,P0082,Site B,S2,TKA,R,2016-12-01,67,Female,35,4,1,1,0,never,2,general,,A,57,1,home,0,0,5,3.86,2,0
C0114,P0344,Site B,S2,TKA,L,2016-12-06,71,Female,29.5,2,0,0,0,never,0,spinal,,C,71,0,home,0,0,5,2.07,1,1
C0115,P0019,Site B,S2,THA,L,2016-12-19,74,Male,23,2,0,1,0,former,2,spinal,anterior,B,95,0,home,0,0,,9.03,0,0
C0116,P0330,Site B,S1,TKA,R,2016-12-19,63,Male,37.9,3,0,0,0,never,1,spinal,,A,108,0,home,0,0,5,9.03,0,0
C0117,P0258,Site A,S3,TKA,R,2017-01-03,70,Female,28,3,0,0,1,former,0,spinal,,B,92,3,home,0,0,4,8.99,0,0
C0118,P0099,Site A,S2,THA,L,2017-01-10,60,Female,36.6,3,0,0,1,never,0,general,anterior,B,76,0,home,0,1,4,8.97,0,0
C0119,P0051,Site A,S2,TKA,L,2017-01-15,61,Female,34.4,2,0,1,0,former,0,spinal,,B,86,1,home,0,0,,8.96,0,0
C0120,P0118,Site B,S2,THA,L,2017-01-28,49,Female,32.1,2,0,1,0,never,0,spinal,posterior,B,106,0,home,0,0,2,8.92,0,0
C0121,P0315,Site B,S1,TKA,L,2017-02-14,65,Female,29.2,2,0,1,1,never,0,spinal,,B,87,2,home,0,0,5,8.88,0,0
C0122,P0017,Site B,S1,TKA,L,2017-02-16,69,Male,37.4,2,0,0,1,never,1,spinal,,C,83,0,home,0,0,4,7.61,2,0
C0123,P0273,Site B,S1,TKA,R,2017-02-23,62,Male,30.8,2,0,1,0,never,1,spinal,,A,97,1,home,0,0,3,8.85,0,0
C0124,P0088,Site B,S1,TKA,R,2017-03-02,52,Male,38.3,2,0,1,0,never,0,general,,C,111,0,home,0,0,4,3.17,0,0
C0125,P0322,Site B,S3,THA,R,2017-03-19,55,Female,32.6,1,0,0,1,current,0,general,posterior,B,67,0,home,0,0,5,8.79,0,0
C0126,P0055,Site A,S1,TKA,R,2017-03-30,56,Female,36.3,3,0,1,0,former,1,general,,A,88,5,home,0,0,3,8.76,0,0
C0127,P0009,Site A,S2,TKA,L,2017-04-21,68,Male,32,3,0,0,0,current,2,spinal,,B,78,0,home,0,0,4,6.38,0,0
C0128,P0401,Site A,S2,THA,R,2017-04-27,78,Female,20.5,3,0,1,0,never,1,general,posterior,A,60,3,rehabilitation clinic,0,1,5,3.72,2,0
C0129,P0476,Site A,S2,TKA,R,2017-04-30,52,Male,22.8,2,0,0,0,never,0,spinal,,A,70,2,home,0,0,4,8.67,0,0
C0130,P0022,Site B,S1,THA,L,2017-05-02,70,Male,23.3,2,0,0,0,never,2,spinal,posterior,B,75,1,home,0,0,,1.72,2,0
C0131,P0095,Site A,S3,THA,R,2017-05-02,61,Female,31.3,2,0,1,0,never,2,spinal,posterior,A,73,2,home,0,0,4,8.67,0,0
C0132,P0182,Site B,S3,TKA,R,2017-05-02,81,Male,26.2,3,0,0,0,former,2,spinal,,A,64,1,home,0,0,5,2.45,2,0
C0133,P0163,Site B,S3,THA,L,2017-05-03,72,Male,26.3,2,0,1,0,former,1,spinal,posterior,B,96,0,home,0,0,5,8.66,0,0
C0134,P0360,Site A,S2,TKA,R,2017-05-17,60,Female,22.5,1,0,0,0,current,0,spinal,,B,76,0,home,0,0,3,8.62,0,0
C0135,P0223,Site A,S3,THA,L,2017-05-20,69,Male,35.5,3,0,0,1,former,2,spinal,posterior,C,111,2,rehabilitation clinic,0,0,5,8.62,0,0
C0136,P0453,Site B,S1,THA,L,2017-05-20,51,Male,33,1,0,0,0,former,0,spinal,anterior,A,67,0,home,0,0,4,8.62,0,0
C0137,P0214,Site A,S3,TKA,R,2017-05-24,85,Male,32.6,4,0,1,1,never,0,spinal,,C,87,2,rehabilitation clinic,0,0,,0.4,2,0
C0138,P0166,Site B,S2,TKA,R,2017-05-28,75,Male,29.9,3,0,0,0,never,1,spinal,,A,111,0,home,0,0,2,4.16,2,0
C0139,P0338,Site B,S2,THA,R,2017-05-29,61,Male,32.9,2,0,1,0,former,0,spinal,posterior,A,76,0,home,0,0,,0.62,0,0
C0140,P0448,Site A,S3,THA,R,2017-05-29,68,Male,33.8,2,0,1,0,never,0,spinal,posterior,B,54,0,home,0,0,5,8.59,0,0
C0141,P0352,Site B,S2,THA,L,2017-05-30,64,Female,22.9,2,0,1,0,former,0,spinal,anterior,B,62,1,home,0,0,5,7.88,2,0
C0142,P0019,Site B,S3,THA,R,2017-06-03,74,Male,22,2,0,1,0,former,1,spinal,anterior,B,82,1,home,0,0,5,8.58,0,0
C0143,P0300,Site B,S3,TKA,R,2017-06-03,55,Male,33,2,0,1,0,former,0,spinal,,C,81,0,home,0,0,1,8.58,0,0
C0144,P0014,Site A,S2,THA,L,2017-06-14,72,Male,24.9,3,0,0,0,former,2,spinal,anterior,B,75,1,home,1,0,3,8.55,0,0
C0145,P0150,Site B,S1,TKA,L,2017-06-16,60,Male,27.2,3,0,0,0,never,0,general,,C,78,1,home,0,0,4,8.54,0,0
C0146,P0012,Site A,S2,TKA,R,2017-06-22,72,Female,31.4,3,0,1,0,never,0,spinal,,C,84,1,home,0,0,5,2.06,1,1
C0147,P0109,Site A,S2,TKA,L,2017-07-02,44,Female,35.4,2,0,0,0,never,0,general,,C,77,0,home,0,0,5,3.13,0,0
C0148,P0382,Site A,S1,TKA,R,2017-07-07,62,Female,31.7,2,0,0,1,never,0,spinal,,A,103,1,home,0,0,3,8.48,0,0
C0149,P0365,Site B,S3,TKA,L,2017-07-08,67,Female,31.3,3,0,0,0,former,0,spinal,,C,93,4,home,0,1,3,8.29,2,0
C0150,P0132,Site B,S1,THA,R,2017-07-21,65,Female,35.6,2,1,1,0,never,0,general,posterior,A,86,2,home,0,0,5,3.19,2,0
C0151,P0372,Site A,S1,TKA,L,2017-07-24,68,Female,36.3,3,0,0,0,never,2,spinal,,A,93,0,home,0,0,5,8.44,0,0
C0152,P0081,Site A,S2,TKA,L,2017-07-25,62,Male,30,3,0,0,0,current,3,general,,B,93,1,home,0,0,,0.01,0,0
C0153,P0085,Site A,S1,THA,R,2017-07-25,56,Female,33.9,2,1,0,1,current,1,spinal,posterior,B,88,4,home,0,0,4,8.44,0,0
C0154,P0071,Site A,S2,THA,L,2017-07-27,53,Female,28.3,2,0,1,0,former,1,spinal,posterior,C,70,0,home,0,0,4,5.28,0,0
C0155,P0039,Site B,S2,TKA,L,2017-07-28,62,Female,25,2,0,0,0,never,2,spinal,,B,86,0,home,0,0,1,2.99,1,1
C0156,P0270,Site A,S3,TKA,L,2017-08-02,71,Female,34.4,3,0,1,0,never,0,general,,B,82,1,home,1,0,5,2.97,2,0
C0157,P0112,Site B,S2,TKA,R,2017-08-04,74,Male,31.4,2,0,1,0,former,1,spinal,,B,95,0,home,0,0,5,3.63,0,0
C0158,P0118,Site B,S2,THA,R,2017-08-08,49,Female,32.9,3,0,1,0,never,0,spinal,posterior,A,75,0,home,0,0,4,6.6,1,1
C0159,P0113,Site A,S1,THA,R,2017-08-09,42,Female,33,2,0,1,0,never,0,spinal,posterior,B,84,0,home,0,0,5,8.39,0,0
C0160,P0135,Site A,S1,TKA,R,2017-08-10,52,Female,36.1,3,1,1,0,former,1,spinal,,A,68,2,home,0,0,4,1.85,1,1
C0161,P0224,Site B,S1,TKA,L,2017-08-15,65,Female,31.3,2,0,0,0,former,1,spinal,,B,102,1,home,0,0,5,2.28,2,0
C0162,P0017,Site B,S2,TKA,R,2017-08-16,69,Male,37.4,2,0,0,1,never,3,spinal,,A,103,0,home,0,0,,7.11,2,0
C0163,P0386,Site B,S1,THA,R,2017-08-23,61,Male,32.3,4,1,0,0,never,1,spinal,posterior,A,84,1,home,1,0,,0.42,1,1
C0164,P0056,Site A,S1,THA,L,2017-08-25,80,Female,31.9,3,0,1,1,former,3,spinal,posterior,A,54,0,home,0,1,2,8.35,0,0
C0165,P0368,Site A,S2,TKA,R,2017-09-03,70,Male,37.3,3,0,1,1,never,2,spinal,,A,122,0,home,0,0,5,8.33,0,0
C0166,P0198,Site A,S1,THA,R,2017-09-05,71,Female,24.9,3,0,0,0,current,1,spinal,posterior,A,63,0,home,0,0,,8.32,0,0
C0167,P0126,Site B,S2,THA,L,2017-09-10,59,Female,24.6,2,0,1,0,current,1,spinal,anterior,B,83,0,home,0,0,4,8.31,0,0
C0168,P0440,Site B,S2,TKA,R,2017-09-11,70,Male,22.5,1,1,0,0,never,1,spinal,,B,69,0,home,0,0,5,8.3,0,0
C0169,P0461,Site B,S1,THA,L,2017-09-18,64,Female,37.7,4,0,1,0,never,0,general,anterior,B,93,1,home,0,0,1,8.28,0,0
C0170,P0220,Site B,S2,TKA,L,2017-09-22,65,Female,28.2,3,0,1,0,never,1,general,,B,65,3,home,0,0,1,8.27,0,0
C0171,P0023,Site A,S3,TKA,L,2017-10-02,61,Female,35.1,2,0,0,0,former,0,spinal,,A,93,0,home,0,0,4,8.25,0,0
C0172,P0108,Site A,S2,THA,L,2017-10-07,74,Male,29.6,3,0,0,0,former,0,spinal,posterior,B,86,4,home,0,0,4,8.23,0,0
C0173,P0384,Site A,S2,THA,L,2017-10-10,53,Female,32.2,3,0,0,0,never,0,spinal,anterior,B,93,0,home,0,0,5,7.9,1,1
C0174,P0295,Site A,S3,TKA,L,2017-10-13,71,Female,34.4,3,1,1,0,never,1,general,,C,112,4,home,0,0,4,6.12,1,1
C0175,P0434,Site A,S1,THA,R,2017-10-14,69,Female,27.5,2,0,1,0,never,1,spinal,anterior,C,65,0,home,0,0,4,1.3,0,0
C0176,P0470,Site A,S2,TKA,R,2017-10-27,69,Female,39.6,3,0,1,0,former,0,spinal,,A,80,0,home,0,0,5,8.18,0,0
C0177,P0451,Site A,S1,TKA,R,2017-10-30,69,Male,41.8,3,0,1,1,never,2,spinal,,C,94,1,home,0,0,,8.17,0,0
C0178,P0203,Site B,S3,THA,R,2017-11-03,56,Female,27.8,1,0,0,1,never,0,spinal,anterior,A,64,1,home,0,0,4,8.16,0,0
C0179,P0400,Site B,S2,THA,R,2017-11-04,69,Male,29.9,3,1,1,0,never,1,spinal,posterior,C,76,0,home,0,0,,8.16,0,0
C0180,P0246,Site A,S1,TKA,L,2017-11-10,55,Female,27.3,2,0,0,0,former,0,spinal,,B,76,1,home,0,0,5,8.14,0,0
C0181,P0210,Site B,S2,THA,L,2017-11-11,76,Female,35.6,3,0,1,0,former,2,spinal,posterior,A,101,1,home,0,0,4,3.92,2,0
C0182,P0232,Site B,S2,TKA,R,2017-11-11,73,Female,24.8,2,0,1,1,never,0,spinal,,C,91,0,home,0,1,4,1.95,2,0
C0183,P0254,Site A,S3,THA,L,2017-11-20,65,Male,22.1,2,0,1,0,current,1,spinal,anterior,A,50,3,home,0,0,,5.39,2,0
C0184,P0391,Site A,S1,TKA,L,2017-11-20,75,Male,35.9,2,0,1,1,never,0,general,,B,89,2,home,0,0,3,8.11,0,0
C0185,P0083,Site B,S2,THA,R,2017-11-23,85,Female,24.2,3,0,1,0,never,0,spinal,anterior,A,74,2,rehabilitation clinic,0,0,,3.99,2,0
C0186,P0094,Site B,S3,TKA,L,2017-11-23,75,Female,31.4,3,0,1,0,never,0,general,,B,93,0,home,0,0,5,7.36,2,0
C0187,P0129,Site B,S2,TKA,L,2017-12-03,68,Female,26.3,2,0,0,0,former,0,spinal,,B,92,0,rehabilitation clinic,0,0,1,4.77,0,0
C0188,P0455,Site A,S3,THA,L,2017-12-03,56,Female,34.2,2,0,0,1,current,0,spinal,posterior,A,92,0,home,0,0,5,8.03,2,0
C0189,P0417,Site B,S3,THA,L,2017-12-18,46,Female,28.7,2,0,0,0,former,1,spinal,anterior,C,82,0,home,0,0,3,6.09,1,1
C0190,P0427,Site A,S1,THA,L,2017-12-18,65,Female,33.5,3,0,0,0,current,0,general,anterior,A,83,0,rehabilitation clinic,0,1,5,8.04,0,0
C0191,P0494,Site A,S1,THA,L,2017-12-31,70,Male,28.2,3,0,0,0,former,0,general,posterior,C,80,4,home,0,0,3,8,0,0
C0192,P0037,Site A,S1,TKA,R,2018-01-03,64,Female,28.9,2,0,1,0,former,1,spinal,,C,72,0,home,0,0,,2.23,1,1
C0193,P0458,Site B,S2,TKA,R,2018-01-07,66,Male,40.3,3,1,0,1,former,1,spinal,,B,82,1,home,0,0,4,7.98,0,0
C0194,P0181,Site B,S2,TKA,R,2018-01-15,64,Male,21.6,2,0,0,0,former,0,spinal,,A,78,0,home,0,0,4,7.96,0,0
C0195,P0154,Site B,S2,TKA,R,2018-01-21,66,Female,37.4,3,0,1,0,former,1,spinal,,C,97,0,home,0,0,3,3.85,2,0
C0196,P0303,Site B,S2,TKA,L,2018-01-21,62,Male,30.2,3,0,1,1,former,0,spinal,,A,102,1,rehabilitation clinic,0,0,4,1.51,0,0
C0197,P0216,Site B,S2,THA,L,2018-01-23,80,Female,29.4,3,0,0,0,former,2,spinal,anterior,A,74,1,home,0,1,5,7.94,0,0
C0198,P0505,Site B,S1,TKA,R,2018-01-23,66,Male,23.7,1,0,0,0,former,0,spinal,,C,73,0,home,0,0,5,5,0,0
C0199,P0323,Site B,S3,TKA,L,2018-01-26,55,Male,30,2,0,0,0,never,0,general,,B,66,0,home,0,0,5,7.93,0,0
C0200,P0379,Site B,S2,THA,R,2018-01-31,73,Female,37.5,4,1,1,1,former,3,general,anterior,C,74,5,home,0,0,5,7.92,0,0
C0201,P0311,Site B,S1,TKA,R,2018-02-02,67,Male,35.7,3,0,0,0,former,0,spinal,,C,110,0,home,0,0,5,7.91,0,0
C0202,P0454,Site B,S3,TKA,L,2018-02-02,85,Female,33,3,0,0,0,never,3,spinal,,A,121,2,home,0,0,,0.26,2,0
C0203,P0330,Site B,S3,TKA,L,2018-02-09,64,Male,38.3,3,0,0,0,never,2,spinal,,A,86,1,home,0,0,3,7.89,0,0
C0204,P0084,Site A,S1,THA,R,2018-02-12,62,Male,42.5,2,0,0,0,never,0,spinal,posterior,B,138,1,home,0,0,4,3.8,2,0
C0205,P0047,Site B,S3,THA,R,2018-02-15,61,Female,29.4,2,0,0,0,former,0,spinal,posterior,C,84,0,home,0,0,1,7.87,0,0
C0206,P0248,Site A,S1,TKA,R,2018-02-16,78,Female,36,3,0,1,0,never,1,spinal,,C,101,2,home,0,0,4,1.05,1,1
C0207,P0321,Site A,S3,THA,L,2018-02-21,48,Male,24.3,1,0,1,0,never,0,spinal,anterior,B,73,0,home,0,0,5,7.86,0,0
C0208,P0159,Site A,S1,TKA,L,2018-02-25,72,Male,19.6,2,0,0,0,former,0,spinal,,B,100,0,rehabilitation clinic,0,0,4,7.85,0,0
C0209,P0163,Site B,S2,THA,R,2018-03-02,72,Male,25.7,3,0,1,0,former,1,spinal,anterior,A,72,0,home,0,0,5,7.35,1,1
C0210,P0128,Site A,S2,THA,L,2018-03-03,63,Female,30.1,3,0,0,0,never,2,spinal,anterior,C,68,0,home,0,0,5,7.83,0,0
C0211,P0238,Site B,S2,TKA,L,2018-03-03,67,Male,38.6,2,0,0,1,never,0,general,,A,123,0,home,0,0,4,5.83,2,0
C0212,P0058,Site B,S1,TKA,R,2018-03-09,56,Male,35.9,3,0,1,1,never,1,spinal,,A,87,2,home,0,1,3,7.81,0,0
C0213,P0165,Site A,S1,TKA,L,2018-03-18,64,Male,29.7,2,0,1,1,never,1,spinal,,A,92,6,home,0,0,5,7.79,0,0
C0214,P0221,Site A,S2,THA,R,2018-03-19,82,Female,37.5,3,1,1,0,current,2,general,posterior,B,107,2,rehabilitation clinic,0,1,2,5.39,2,0
C0215,P0121,Site B,S1,TKA,R,2018-03-21,55,Male,35.4,3,0,1,1,never,1,general,,A,104,0,home,0,0,5,7.78,0,0
C0216,P0011,Site A,S1,TKA,R,2018-03-30,77,Female,23.4,2,0,0,0,never,0,general,,C,70,1,home,0,0,5,5.02,2,0
C0217,P0308,Site A,S1,TKA,L,2018-04-06,54,Female,18,2,0,0,0,never,0,spinal,,A,71,1,home,0,0,4,1.51,2,0
C0218,P0431,Site A,S1,TKA,L,2018-04-06,74,Male,26.5,2,0,0,0,never,1,spinal,,A,97,0,home,0,0,4,3,1,1
C0219,P0439,Site A,S1,THA,L,2018-04-07,66,Female,26,3,0,0,0,former,0,spinal,anterior,B,85,2,home,0,0,4,6.08,1,1
C0220,P0191,Site B,S1,TKA,L,2018-04-08,62,Female,27.6,3,0,1,0,never,0,spinal,,B,92,2,home,0,0,4,5.82,0,0
C0221,P0120,Site B,S1,THA,L,2018-04-16,63,Male,36.9,2,0,1,0,never,0,spinal,posterior,B,84,0,rehabilitation clinic,0,1,2,4.22,1,1
C0222,P0511,Site B,S1,THA,L,2018-04-19,55,Male,25.6,2,0,1,0,former,0,spinal,anterior,A,70,1,home,0,0,4,7.7,0,0
C0223,P0179,Site A,S3,TKA,L,2018-04-20,59,Female,27.7,2,0,0,0,never,0,spinal,,A,85,0,home,0,0,3,7.7,0,0
C0224,P0380,Site A,S3,TKA,L,2018-04-20,70,Male,20.4,2,0,1,0,never,0,spinal,,C,82,0,home,0,0,5,1.98,1,1
C0225,P0462,Site B,S1,THA,L,2018-04-22,59,Male,29.6,2,0,0,0,former,0,general,anterior,B,79,1,home,0,0,5,7.69,0,0
C0226,P0033,Site A,S1,THA,R,2018-04-23,44,Female,33,2,0,0,0,never,0,general,anterior,A,65,3,home,0,0,4,7.69,0,0
C0227,P0423,Site A,S1,THA,R,2018-04-25,84,Female,20.7,3,0,1,0,never,0,spinal,anterior,A,85,4,home,0,0,4,6.85,2,0
C0228,P0401,Site A,S2,THA,L,2018-04-29,79,Female,21.6,2,0,1,0,never,1,spinal,posterior,A,63,1,home,0,0,5,2.71,2,0
C0229,P0331,Site B,S2,THA,R,2018-05-31,57,Male,28.8,2,0,0,0,never,2,spinal,posterior,A,58,1,home,0,0,5,7.59,0,0
C0230,P0061,Site B,S3,TKA,R,2018-06-07,61,Male,24.8,2,0,1,0,never,0,spinal,,A,79,0,home,1,0,4,4.27,1,1
C0231,P0478,Site A,S2,TKA,L,2018-06-10,69,Female,30.5,2,0,0,0,former,0,spinal,,A,92,0,home,0,0,2,1.83,0,0
C0232,P0237,Site B,S1,THA,R,2018-07-04,68,Male,37.1,3,0,1,0,never,0,spinal,posterior,B,88,1,home,0,1,3,2.82,2,0
C0233,P0239,Site A,S1,TKA,R,2018-07-16,82,Female,27.2,2,0,1,0,former,1,general,,A,80,0,home,0,0,,0.45,2,0
C0234,P0162,Site B,S2,TKA,L,2018-07-18,73,Female,28.4,3,0,0,0,former,0,spinal,,C,109,4,home,0,0,4,2.6,1,1
C0235,P0158,Site B,S2,THA,R,2018-07-19,70,Female,31.3,3,0,0,0,former,1,spinal,posterior,A,91,1,home,0,0,4,5.51,2,0
C0236,P0420,Site A,S1,TKA,L,2018-07-20,47,Male,34.5,2,0,0,1,never,0,spinal,,A,93,1,home,0,0,5,7.45,0,0
C0237,P0187,Site B,S2,TKA,L,2018-07-25,64,Female,23.1,2,0,0,0,former,2,spinal,,A,78,0,home,0,0,5,4.52,0,0
C0238,P0181,Site B,S3,TKA,L,2018-07-31,64,Male,20.8,1,0,0,0,former,1,spinal,,B,76,0,home,0,0,,7.42,0,0
C0239,P0034,Site A,S1,THA,R,2018-08-02,64,Female,28.9,2,0,0,0,former,0,spinal,anterior,B,53,0,home,0,0,3,7.41,0,0
C0240,P0399,Site B,S1,TKA,L,2018-08-07,64,Female,32.4,2,0,1,0,former,0,spinal,,B,104,1,home,0,0,3,1.54,0,0
C0241,P0062,Site B,S3,THA,R,2018-08-13,74,Female,29.8,3,0,1,0,never,2,spinal,anterior,C,90,0,home,0,0,5,2.95,2,0
C0242,P0207,Site A,S2,THA,R,2018-08-14,73,Female,28.9,4,1,0,0,never,1,general,anterior,A,87,2,home,0,0,2,7.38,0,0
C0243,P0143,Site B,S3,TKA,R,2018-08-15,64,Male,39.6,3,0,1,0,former,2,spinal,,C,80,0,home,0,1,4,6.53,1,1
C0244,P0398,Site B,S1,THA,L,2018-08-17,67,Male,23.9,2,0,0,0,former,1,general,posterior,A,90,0,home,0,0,4,5.56,0,0
C0245,P0511,Site B,S2,THA,R,2018-08-24,55,Male,27.2,3,0,1,0,former,0,spinal,posterior,A,56,1,home,0,0,,7.35,0,0
C0246,P0074,Site A,S1,THA,L,2018-09-03,64,Male,38.3,2,0,1,1,former,1,spinal,anterior,B,107,2,home,0,1,,0.32,2,0
C0247,P0370,Site A,S1,THA,R,2018-09-06,72,Female,31.7,2,0,0,0,never,0,spinal,posterior,C,103,0,rehabilitation clinic,1,0,,1.93,0,0
C0248,P0426,Site A,S2,TKA,R,2018-09-06,68,Male,34.2,3,0,0,0,former,1,spinal,,C,98,0,home,0,0,5,1.1,1,1
C0249,P0196,Site A,S1,TKA,L,2018-09-07,72,Female,29.6,2,0,0,0,former,1,general,,A,79,0,home,0,0,5,2.61,0,0
C0250,P0482,Site B,S1,THA,L,2018-09-11,81,Female,30.9,3,0,1,0,former,1,spinal,posterior,B,111,0,home,0,0,5,5.12,0,0
C0251,P0515,Site B,S3,THA,R,2018-09-11,69,Male,31.5,2,0,0,0,never,0,spinal,anterior,C,93,2,home,0,0,5,4.67,1,1
C0252,P0027,Site B,S2,THA,R,2018-09-22,55,Male,29,3,0,0,0,current,0,general,posterior,A,69,0,home,0,0,,7.27,0,0
C0253,P0135,Site A,S2,TKA,L,2018-09-27,53,Female,36.3,3,1,1,0,former,0,spinal,,C,100,0,home,0,0,5,1.33,1,1
C0254,P0176,Site B,S1,TKA,R,2018-10-06,63,Female,29.3,3,0,0,0,never,1,general,,C,81,2,home,0,0,4,7.24,0,0
C0255,P0229,Site B,S1,TKA,L,2018-10-26,47,Female,35.8,3,0,0,1,former,0,general,,B,96,1,home,0,0,4,7.18,0,0
C0256,P0058,Site B,S3,TKA,L,2018-11-07,56,Male,35.9,3,0,1,1,never,1,spinal,,A,103,0,rehabilitation clinic,0,0,5,2.46,1,1
C0257,P0329,Site A,S2,THA,R,2018-11-09,50,Male,31.4,2,0,0,0,never,0,general,anterior,B,80,2,home,0,0,4,7.14,0,0
C0258,P0165,Site A,S3,TKA,R,2018-11-12,64,Male,29.2,2,0,1,1,never,2,spinal,,B,63,3,home,0,0,5,7.13,0,0
C0259,P0236,Site A,S2,THA,R,2018-11-14,57,Male,28.1,2,0,0,0,never,1,spinal,anterior,C,74,1,home,0,1,3,7.13,0,0
C0260,P0294,Site B,S2,TKA,L,2018-11-17,59,Male,38.4,2,0,0,1,former,0,general,,A,86,1,home,0,0,5,7.12,0,0
C0261,P0391,Site A,S1,TKA,R,2018-11-19,75,Male,35.5,3,0,1,1,never,0,spinal,,B,57,0,home,0,0,4,7.12,0,0
C0262,P0418,Site B,S2,TKA,R,2018-11-27,79,Male,33.6,2,0,1,0,current,0,spinal,,B,82,2,home,0,0,3,2.75,2,0
C0263,P0326,Site B,S1,TKA,R,2018-11-28,72,Male,27.3,3,1,1,0,former,2,spinal,,C,87,1,home,0,1,4,3.35,1,1
C0264,P0053,Site B,S1,THA,L,2018-12-15,76,Female,25.4,1,0,0,0,former,0,spinal,anterior,B,84,0,home,0,0,4,6.36,2,0
C0265,P0494,Site A,S2,THA,R,2019-01-01,71,Male,27.8,3,0,0,0,former,3,spinal,posterior,C,100,0,home,0,0,2,7,0,0
C0266,P0319,Site B,S2,THA,R,2019-01-18,62,Female,42.8,3,0,0,0,never,0,spinal,anterior,B,75,0,home,0,0,5,6.95,0,0
C0267,P0093,Site B,S1,TKA,R,2019-01-24,55,Female,31.7,2,0,1,0,never,1,spinal,,A,77,0,home,0,0,5,6.93,0,0
C0268,P0033,Site A,S1,THA,L,2019-01-28,44,Female,34,2,0,0,0,never,0,spinal,anterior,A,93,0,home,0,0,5,5.21,1,1
C0269,P0369,Site A,S3,THA,L,2019-02-01,61,Female,31.4,3,0,1,0,never,1,spinal,anterior,B,91,0,home,0,0,3,6.91,0,0
C0270,P0199,Site A,S3,THA,R,2019-02-05,63,Male,32.4,3,0,0,0,never,0,spinal,posterior,A,96,0,home,0,0,5,6.9,0,0
C0271,P0286,Site A,S1,TKA,L,2019-02-11,69,Female,32.7,2,0,1,0,never,3,general,,A,68,0,home,0,0,5,6.89,0,0
C0272,P0026,Site A,S2,TKA,L,2019-03-01,72,Male,34.7,3,0,0,0,former,3,spinal,,A,116,1,home,0,0,4,6.84,0,0
C0273,P0076,Site B,S3,THA,L,2019-03-04,72,Female,27.1,3,0,1,0,former,2,spinal,anterior,C,82,0,rehabilitation clinic,0,0,5,6.83,0,0
C0274,P0137,Site B,S1,TKA,L,2019-03-07,74,Female,34.9,3,0,1,0,never,1,spinal,,B,74,1,home,0,0,4,4.77,0,0
C0275,P0192,Site B,S2,THA,R,2019-03-12,64,Female,42.8,2,1,1,1,never,0,general,posterior,B,93,1,home,0,0,4,6.81,0,0
C0276,P0356,Site B,S3,TKA,L,2019-03-20,56,Female,40.8,2,1,0,1,former,0,general,,A,103,0,home,0,0,5,6.78,0,0
C0277,P0115,Site A,S3,TKA,L,2019-03-22,76,Female,27.9,3,0,1,0,never,1,spinal,,B,97,0,home,0,0,4,2.6,1,1
C0278,P0063,Site A,S1,TKA,L,2019-03-23,73,Female,34.9,3,0,1,0,never,1,spinal,,C,70,0,home,0,0,,0.45,1,1
C0279,P0388,Site A,S3,THA,L,2019-03-25,85,Female,27.5,2,0,1,0,never,1,spinal,anterior,B,62,1,home,0,0,4,2.14,2,0
C0280,P0314,Site A,S1,TKA,L,2019-03-30,73,Male,27.4,2,0,1,0,never,0,spinal,,A,93,0,home,1,0,5,6.76,0,0
C0281,P0517,Site A,S3,TKA,R,2019-04-17,53,Female,20.9,2,0,1,0,current,0,spinal,,B,90,0,home,0,1,4,6.71,0,0
C0282,P0260,Site A,S2,TKA,R,2019-04-19,68,Male,37.9,3,0,1,1,never,0,spinal,,C,107,1,home,0,0,5,6.7,0,0
C0283,P0040,Site A,S3,THA,R,2019-04-29,65,Male,30.4,3,0,0,0,never,0,spinal,posterior,B,69,2,home,0,0,,0.76,2,0
C0284,P0202,Site A,S1,THA,L,2019-05-17,67,Female,20.6,2,0,1,0,never,0,spinal,anterior,B,58,0,home,0,0,5,6.63,0,0
C0285,P0028,Site B,S1,TKA,R,2019-05-23,61,Female,30.4,2,0,1,0,never,0,spinal,,A,95,0,home,0,0,5,6.61,0,0
C0286,P0332,Site A,S2,TKA,R,2019-05-23,40,Female,36.8,3,0,0,0,former,1,spinal,,B,81,3,home,0,0,3,1.46,0,0
C0287,P0257,Site B,S1,TKA,R,2019-05-27,63,Male,32.6,2,0,0,0,never,0,general,,C,90,0,home,0,0,5,6.6,0,0
C0288,P0390,Site A,S3,THA,R,2019-05-30,70,Male,34.2,2,0,1,1,former,1,spinal,posterior,A,66,3,home,0,0,1,6.59,0,0
C0289,P0421,Site B,S3,THA,L,2019-06-01,65,Male,26.1,2,0,1,0,never,0,spinal,anterior,C,68,5,rehabilitation clinic,0,1,5,6.49,2,0
C0290,P0427,Site A,S2,THA,R,2019-06-06,66,Female,32.7,2,0,0,0,current,1,spinal,posterior,A,98,1,home,0,0,5,6.57,0,0
C0291,P0197,Site B,S2,TKA,L,2019-06-12,69,Female,27.2,3,0,0,0,former,0,spinal,,A,86,0,home,0,0,5,6.55,0,0
C0292,P0287,Site B,S2,THA,L,2019-06-13,71,Male,36.4,3,0,0,1,never,0,spinal,posterior,A,71,1,home,0,0,,6.55,0,0
C0293,P0062,Site B,S3,THA,L,2019-06-26,74,Female,30,3,0,1,0,never,2,general,anterior,C,94,1,home,0,0,5,2.08,2,0
C0294,P0277,Site B,S2,THA,L,2019-06-27,70,Female,36.5,3,1,0,0,former,1,general,anterior,A,89,1,home,0,0,,0.87,0,0
C0295,P0186,Site A,S3,TKA,R,2019-07-12,85,Male,39.7,4,1,1,1,never,1,spinal,,B,139,0,home,0,1,5,6.47,0,0
C0296,P0190,Site B,S2,TKA,L,2019-07-14,62,Male,27.8,2,0,1,0,former,1,general,,A,77,4,home,0,1,5,6.47,0,0
C0297,P0366,Site A,S2,TKA,R,2019-07-23,55,Female,28.4,2,1,0,0,never,0,spinal,,B,102,0,home,0,0,3,6.44,0,0
C0298,P0263,Site B,S1,TKA,L,2019-07-29,47,Male,18.3,2,0,0,0,former,1,spinal,,B,64,0,home,0,0,5,6.43,0,0
C0299,P0069,Site A,S1,TKA,R,2019-07-31,73,Female,30,2,0,0,0,former,1,spinal,,B,100,0,home,0,0,,0.82,2,0
C0300,P0269,Site B,S2,TKA,R,2019-08-04,58,Male,29.3,2,0,0,0,former,0,spinal,,B,94,1,home,0,0,5,6.41,0,0
C0301,P0145,Site A,S1,THA,R,2019-08-06,79,Female,22.5,3,0,1,0,former,0,general,posterior,A,69,2,home,0,0,5,6.4,0,0
C0302,P0020,Site A,S1,TKA,L,2019-08-09,61,Female,35.3,3,0,0,0,never,0,general,,C,95,0,home,0,0,4,6.4,0,0
C0303,P0228,Site B,S1,THA,L,2019-08-09,76,Female,30.3,2,0,1,0,former,1,spinal,anterior,B,90,1,home,0,0,3,1.28,2,0
C0304,P0048,Site A,S2,TKA,R,2019-08-13,74,Female,30.6,2,0,1,0,former,0,spinal,,A,101,0,home,0,0,5,6.38,0,0
C0305,P0370,Site A,S3,THA,L,2019-08-24,72,Female,32,3,0,0,0,never,2,spinal,posterior,C,86,3,home,0,1,,0.96,0,0
C0306,P0147,Site A,S2,TKA,R,2019-08-25,60,Male,38.2,3,0,1,0,never,1,spinal,,A,82,2,home,0,0,4,6.35,0,0
C0307,P0500,Site B,S3,THA,R,2019-09-01,70,Male,29.7,3,0,0,0,former,0,spinal,posterior,B,69,1,home,0,0,4,6.33,0,0
C0308,P0516,Site A,S2,THA,R,2019-09-02,75,Male,29.6,3,0,0,0,never,0,general,anterior,B,81,2,home,0,1,2,1.82,0,0
C0309,P0152,Site A,S1,TKA,R,2019-09-05,67,Female,30.1,2,0,1,1,never,1,general,,B,78,0,home,0,0,5,5.76,1,1
C0310,P0353,Site A,S1,TKA,R,2019-09-11,72,Male,35.2,4,0,1,1,current,1,spinal,,C,68,1,home,0,0,4,6.31,0,0
C0311,P0054,Site B,S1,TKA,R,2019-09-17,65,Female,34.8,3,0,1,0,former,1,spinal,,A,63,1,home,1,0,4,2.56,2,0
C0312,P0298,Site A,S1,TKA,L,2019-09-20,66,Female,33.3,3,0,1,0,current,0,spinal,,A,67,5,home,0,0,3,6.28,0,0
C0313,P0091,Site A,S1,TKA,R,2019-09-29,56,Male,29.7,3,0,1,0,never,0,general,,C,67,1,home,0,0,4,6.26,0,0
C0314,P0018,Site B,S3,TKA,R,2019-10-09,53,Female,38,2,0,0,1,never,0,spinal,,A,92,1,home,0,0,5,4.37,0,0
C0315,P0036,Site B,S2,THA,R,2019-10-09,45,Male,35.8,2,0,1,0,never,0,spinal,anterior,B,82,0,home,0,0,3,6.23,0,0
C0316,P0064,Site B,S1,TKA,L,2019-10-19,76,Male,40.6,4,1,1,0,never,2,spinal,,B,105,4,home,0,0,5,5.16,2,0
C0317,P0336,Site B,S3,TKA,L,2019-10-28,72,Female,36.4,3,1,1,1,never,2,spinal,,A,99,1,home,0,0,4,1.68,0,0
C0318,P0510,Site B,S1,TKA,R,2019-10-31,63,Male,25.9,2,0,0,1,former,0,spinal,,C,61,0,home,0,0,4,6.17,0,0
C0319,P0213,Site B,S1,TKA,R,2019-11-02,65,Male,32.2,3,0,1,1,never,2,spinal,,B,87,0,home,0,0,3,6.16,0,0
C0320,P0243,Site A,S1,TKA,L,2019-11-05,85,Female,36.6,4,0,1,0,former,2,general,,C,107,1,home,0,1,4,1.4,2,0
C0321,P0320,Site A,S2,THA,R,2019-11-12,58,Female,27.8,3,1,1,0,current,0,spinal,anterior,B,82,1,home,0,0,5,6.14,0,0
C0322,P0003,Site B,S3,THA,L,2019-11-15,63,Male,25.1,2,0,0,0,never,0,general,anterior,A,76,2,home,0,0,5,6.13,0,0
C0323,P0468,Site A,S3,TKA,L,2019-11-22,63,Male,33,2,0,1,0,never,0,general,,A,70,2,home,0,0,4,6.11,0,0
C0324,P0496,Site B,S3,THA,L,2019-11-22,63,Male,40,2,0,0,1,never,1,spinal,anterior,B,77,0,home,0,0,3,6.11,0,0
C0325,P0450,Site A,S2,TKA,R,2019-12-02,55,Male,26.9,2,0,0,0,never,0,spinal,,B,101,0,home,0,0,3,6.08,0,0
C0326,P0185,Site A,S1,THA,R,2019-12-03,73,Male,37.7,2,0,0,1,never,1,spinal,anterior,C,102,1,home,0,0,5,6.08,0,0
C0327,P0481,Site B,S3,THA,R,2019-12-11,69,Female,32.4,3,0,1,0,former,1,general,posterior,A,74,1,home,0,0,5,1.48,2,0
C0328,P0412,Site B,S1,THA,R,2019-12-14,71,Female,24.9,3,0,1,0,former,1,spinal,anterior,A,89,1,home,0,0,,6.05,0,0
C0329,P0146,Site A,S1,TKA,L,2019-12-19,72,Male,27.3,1,1,1,1,never,0,spinal,,B,101,0,home,0,0,5,3.71,2,0
C0330,P0339,Site B,S3,TKA,L,2019-12-19,66,Male,21.9,2,0,0,0,never,1,spinal,,A,66,0,home,0,0,5,5.48,2,0
C0331,P0377,Site A,S3,TKA,L,2019-12-25,55,Male,23.9,2,0,0,1,former,0,spinal,,C,102,1,home,0,0,2,1.3,1,1
C0332,P0514,Site A,S2,TKA,L,2020-01-01,65,Female,30.6,1,0,1,0,former,0,spinal,,B,95,0,home,0,0,5,5.22,1,1
C0333,P0114,Site A,S2,TKA,R,2020-01-12,67,Male,30.2,2,0,1,0,never,1,spinal,,A,97,2,home,0,0,4,5.97,0,0
C0334,P0041,Site B,S2,TKA,R,2020-01-15,56,Male,19,1,0,0,0,former,0,spinal,,B,90,2,home,0,0,4,5.96,0,0
C0335,P0069,Site A,S2,TKA,L,2020-01-31,73,Female,30.1,3,0,0,0,former,1,spinal,,B,71,0,home,0,0,,0.31,2,0
C0336,P0160,Site A,S3,TKA,L,2020-01-31,66,Male,44.5,3,1,1,1,never,0,spinal,,A,129,0,home,0,0,3,4.77,2,0
C0337,P0465,Site A,S1,THA,R,2020-02-01,67,Female,44.5,3,0,1,0,current,1,spinal,posterior,C,108,0,home,0,0,4,5.91,0,0
C0338,P0446,Site A,S2,TKA,R,2020-02-04,65,Female,35.2,3,0,1,1,never,1,spinal,,C,89,2,home,1,0,5,4.18,2,0
C0339,P0477,Site A,S1,TKA,R,2020-02-07,66,Female,33.9,2,0,0,0,former,1,general,,C,79,0,home,0,1,4,3.67,1,1
C0340,P0297,Site A,S1,THA,L,2020-02-09,65,Female,36.2,3,0,1,0,never,0,spinal,anterior,A,90,1,home,0,0,2,3.85,1,1
C0341,P0133,Site B,S2,TKA,L,2020-02-11,80,Male,31.6,3,0,0,0,never,0,spinal,,B,90,0,home,0,0,5,5.89,0,0
C0342,P0018,Site B,S2,TKA,L,2020-02-12,53,Female,37,2,0,0,1,never,1,spinal,,B,96,1,home,0,0,4,4.03,0,0
C0343,P0388,Site A,S2,THA,R,2020-02-16,85,Female,28.4,2,0,1,0,never,0,spinal,anterior,B,104,1,home,0,0,,1.24,2,0
C0344,P0139,Site B,S2,TKA,L,2020-02-29,82,Female,36.9,4,1,1,0,never,3,general,,A,118,4,home,0,1,,0.59,2,0
C0345,P0180,Site B,S1,TKA,R,2020-03-02,80,Male,32.6,3,0,1,0,never,3,spinal,,B,72,0,home,0,0,5,5.83,0,0
C0346,P0244,Site B,S2,TKA,R,2020-03-04,61,Male,34.2,2,0,0,0,former,1,spinal,,B,78,0,home,0,0,3,5.83,0,0
C0347,P0008,Site A,S2,THA,L,2020-03-05,59,Female,31.8,2,0,1,0,never,1,spinal,posterior,A,96,4,home,0,0,,5.82,0,0
C0348,P0342,Site A,S1,TKA,L,2020-03-09,46,Male,27.1,2,0,1,0,never,0,spinal,,C,86,0,home,0,0,,5.81,0,0
C0349,P0255,Site A,S1,THA,R,2020-03-21,74,Male,20.8,2,1,0,0,former,3,spinal,anterior,B,70,2,home,0,0,4,5.78,0,0
C0350,P0284,Site A,S2,THA,L,2020-04-02,70,Male,22.1,3,0,1,1,former,4,spinal,posterior,B,69,2,home,0,0,4,4.36,2,0
C0351,P0271,Site A,S3,THA,R,2020-04-06,56,Female,27.1,2,0,0,0,former,1,spinal,posterior,B,78,2,home,0,0,5,5.74,0,0
C0352,P0389,Site B,S2,THA,L,2020-04-06,63,Female,29.1,3,0,0,0,never,2,spinal,anterior,B,76,0,home,0,0,4,5.74,0,0
C0353,P0466,Site B,S1,THA,R,2020-04-13,72,Female,22.7,2,0,0,0,never,1,spinal,anterior,B,82,3,home,0,0,1,4.13,1,1
C0354,P0374,Site B,S1,THA,L,2020-04-19,71,Female,29.1,3,1,1,0,former,1,general,posterior,B,67,0,home,0,0,5,4.46,1,1
C0355,P0377,Site A,S3,TKA,R,2020-04-21,55,Male,23,2,0,0,1,former,0,general,,B,63,3,home,0,0,4,5.69,0,0
C0356,P0419,Site A,S3,TKA,R,2020-05-08,60,Male,33.8,2,0,0,0,former,0,spinal,,B,87,1,rehabilitation clinic,0,0,5,5.65,0,0
C0357,P0213,Site B,S3,TKA,L,2020-05-14,65,Male,30.3,1,0,1,1,never,1,spinal,,B,93,0,home,1,0,3,5.63,0,0
C0358,P0383,Site B,S2,THA,L,2020-05-14,65,Female,34.6,3,0,1,0,former,1,spinal,anterior,A,77,1,home,0,0,2,5.63,0,0
C0359,P0157,Site A,S3,THA,L,2020-05-20,71,Female,28.6,2,0,1,0,former,2,spinal,posterior,A,93,0,home,0,0,,5.62,0,0
C0360,P0020,Site A,S1,TKA,R,2020-05-26,61,Female,35.6,2,0,0,0,never,0,spinal,,A,77,1,home,0,0,4,5.6,0,0
C0361,P0305,Site A,S2,TKA,L,2020-05-26,62,Female,33.6,3,0,0,0,never,0,spinal,,C,104,0,home,0,0,5,5.43,0,0
C0362,P0493,Site B,S2,THA,L,2020-05-27,85,Female,21.8,2,1,0,0,never,3,spinal,anterior,A,75,1,home,0,0,5,5.6,0,0
C0363,P0139,Site B,S1,TKA,R,2020-05-31,82,Female,37,3,1,1,0,never,5,spinal,,B,86,0,home,0,0,,0.33,2,0
C0364,P0467,Site B,S3,THA,R,2020-06-05,66,Female,34.6,2,0,0,1,current,0,spinal,anterior,B,89,0,home,0,0,4,5.57,0,0
C0365,P0288,Site B,S1,THA,R,2020-06-12,61,Female,25.9,2,0,1,0,never,1,spinal,posterior,C,60,0,home,0,0,,0.51,1,1
C0366,P0008,Site A,S2,THA,R,2020-06-16,59,Female,31.8,2,0,1,0,never,0,spinal,anterior,B,78,0,home,0,0,5,5.54,0,0
C0367,P0302,Site A,S2,THA,R,2020-06-20,55,Female,29.6,3,0,1,0,former,0,spinal,anterior,A,80,0,home,0,0,5,5.53,0,0
C0368,P0314,Site A,S1,TKA,R,2020-06-22,74,Male,26.7,2,0,1,0,never,1,spinal,,C,72,1,rehabilitation clinic,0,0,,5.52,0,0
C0369,P0409,Site A,S2,THA,R,2020-06-24,71,Female,31.1,2,0,1,0,current,0,spinal,anterior,A,78,0,home,0,0,5,2.3,0,0
C0370,P0003,Site B,S1,THA,R,2020-06-29,63,Male,26,3,0,0,0,never,0,spinal,posterior,B,90,2,home,0,0,5,5.51,0,0
C0371,P0355,Site B,S1,THA,R,2020-07-02,59,Female,24.2,2,0,1,0,never,0,spinal,posterior,B,65,0,home,0,0,4,5.5,0,0
C0372,P0393,Site A,S1,TKA,L,2020-07-06,59,Male,35.6,3,0,1,1,never,1,spinal,,C,72,0,home,0,0,4,5.49,0,0
C0373,P0140,Site A,S1,TKA,L,2020-07-10,60,Female,26.3,2,0,1,0,former,1,spinal,,A,109,0,home,0,0,5,5.48,0,0
C0374,P0428,Site B,S1,TKA,R,2020-07-10,47,Female,33.7,2,0,1,0,former,0,general,,C,94,1,home,0,0,5,5.48,0,0
C0375,P0044,Site A,S1,TKA,L,2020-07-17,67,Male,31.5,2,0,1,0,former,0,general,,A,88,0,home,0,1,5,5.46,0,0
C0376,P0460,Site A,S1,THA,L,2020-07-21,66,Female,31.4,2,0,0,0,never,1,spinal,posterior,C,90,1,home,0,0,4,5.45,0,0
C0377,P0513,Site A,S2,TKA,R,2020-07-23,82,Female,29.2,3,0,1,0,former,2,spinal,,B,91,0,rehabilitation clinic,0,0,5,4.81,0,0
C0378,P0301,Site B,S2,THA,L,2020-08-01,74,Female,22.7,3,0,1,0,never,1,spinal,posterior,B,71,3,home,0,0,2,5.42,0,0
C0379,P0028,Site B,S3,TKA,L,2020-08-06,62,Female,31.3,2,0,1,0,never,1,spinal,,B,70,1,home,0,0,,5.4,0,0
C0380,P0226,Site A,S1,TKA,R,2020-08-13,85,Female,31.1,2,0,0,0,current,2,spinal,,A,84,0,home,0,1,5,1.75,1,1
C0381,P0087,Site B,S1,TKA,L,2020-08-17,52,Female,27.6,2,0,0,1,never,0,general,,B,63,0,home,0,0,4,5.37,0,0
C0382,P0157,Site A,S3,THA,R,2020-08-22,71,Female,29.7,3,0,1,0,former,0,spinal,anterior,B,52,0,home,0,0,4,5.36,0,0
C0383,P0171,Site A,S2,TKA,L,2020-09-01,84,Female,19.3,2,0,1,0,never,2,spinal,,C,87,1,rehabilitation clinic,0,0,5,5.33,0,0
C0384,P0503,Site A,S1,THA,R,2020-09-07,81,Female,28,2,0,0,0,former,2,general,posterior,C,79,1,home,0,0,,0.03,1,1
C0385,P0089,Site B,S3,THA,L,2020-09-16,65,Female,27.9,1,0,1,0,never,0,spinal,anterior,B,96,0,home,0,0,5,5.29,0,0
C0386,P0013,Site A,S1,THA,R,2020-09-23,66,Male,37,3,1,1,1,never,1,spinal,anterior,C,67,4,home,0,0,4,5.27,0,0
C0387,P0354,Site B,S2,TKA,R,2020-10-05,57,Male,30,2,0,1,0,never,0,spinal,,B,80,2,home,0,0,5,5.24,0,0
C0388,P0107,Site B,S1,THA,R,2020-10-07,63,Female,28.1,3,1,0,1,never,0,spinal,anterior,A,90,1,home,0,0,5,1.26,0,0
C0389,P0449,Site A,S2,TKA,R,2020-10-10,65,Female,36,3,0,0,1,former,0,spinal,,B,89,2,home,0,0,5,5.22,0,0
C0390,P0212,Site B,S3,TKA,R,2020-10-16,74,Male,36.5,3,0,1,1,never,2,general,,B,98,0,home,0,0,4,5.21,0,0
C0391,P0359,Site A,S3,TKA,L,2020-10-18,66,Female,35.3,3,0,1,0,never,0,general,,A,121,0,home,0,1,4,5.2,0,0
C0392,P0123,Site B,S1,THA,R,2020-10-22,78,Female,32.1,3,0,0,1,never,1,spinal,anterior,B,87,1,home,0,0,5,5.19,0,0
C0393,P0186,Site A,S3,TKA,L,2020-10-22,86,Male,40.2,4,1,1,1,never,3,general,,B,121,6,home,0,0,5,5.19,0,0
C0394,P0067,Site A,S2,THA,R,2020-11-03,61,Female,30,2,0,1,0,never,1,spinal,posterior,B,82,1,home,1,1,5,5.16,0,0
C0395,P0367,Site B,S1,THA,L,2020-11-05,53,Female,18,2,0,1,0,current,0,spinal,posterior,A,68,0,home,0,0,5,3.66,0,0
C0396,P0484,Site A,S3,TKA,L,2020-11-06,66,Male,27.3,1,0,1,1,current,0,spinal,,A,61,0,home,0,0,4,5.15,0,0
C0397,P0324,Site B,S1,THA,L,2020-11-09,62,Female,29.5,2,0,1,0,former,0,general,anterior,A,87,0,home,0,0,,0.13,2,0
C0398,P0402,Site B,S1,THA,R,2020-11-19,72,Female,31.2,3,0,0,0,never,1,spinal,anterior,A,84,0,home,0,0,2,2.87,2,0
C0399,P0119,Site B,S3,THA,L,2020-11-20,49,Female,36.5,2,0,1,1,current,0,general,posterior,B,80,0,home,0,0,,2.32,0,0
C0400,P0091,Site A,S2,TKA,L,2020-12-10,57,Male,29.5,2,0,1,0,never,1,general,,C,87,1,home,0,0,5,5.06,0,0
C0401,P0340,Site B,S1,TKA,R,2020-12-15,47,Male,31.9,1,0,0,0,never,0,general,,B,111,0,home,0,0,5,5.04,0,0
C0402,P0520,Site A,S1,TKA,R,2020-12-16,82,Female,30.1,3,0,1,0,former,3,spinal,,C,87,2,home,0,1,4,4.37,2,0
C0403,P0347,Site A,S3,THA,R,2020-12-23,78,Male,32.8,2,0,1,1,current,1,spinal,anterior,B,75,2,home,0,0,5,5.02,0,0
C0404,P0510,Site B,S2,TKA,L,2020-12-29,64,Male,26.1,2,0,0,1,former,1,spinal,,A,86,1,home,0,0,4,5,0,0
C0405,P0050,Site A,S2,THA,R,2020-12-30,74,Female,33.1,3,0,0,0,former,0,general,anterior,C,79,1,home,0,0,2,5,0,0
C0406,P0006,Site B,S1,THA,L,2021-01-04,48,Male,29.9,3,0,1,0,former,1,spinal,posterior,A,85,2,home,0,0,5,4.99,0,0
C0407,P0035,Site A,S2,TKA,R,2021-01-05,85,Female,29.2,3,0,1,0,current,3,spinal,,C,95,1,home,0,1,,0.37,1,1
C0408,P0227,Site B,S1,TKA,R,2021-01-07,71,Female,32.6,2,0,1,0,former,0,spinal,,C,85,0,home,0,0,4,4.25,1,1
C0409,P0168,Site B,S1,TKA,L,2021-01-08,80,Male,31.6,2,0,1,0,former,1,spinal,,B,117,0,home,0,0,2,1.08,2,0
C0410,P0005,Site B,S1,THA,R,2021-01-20,64,Female,25.3,2,0,0,0,former,2,spinal,posterior,C,78,0,home,0,0,3,4.94,0,0
C0411,P0414,Site A,S1,THA,L,2021-01-24,69,Female,30.4,1,0,0,0,never,0,general,anterior,A,77,1,home,0,0,3,4.93,0,0
C0412,P0348,Site B,S1,TKA,L,2021-01-25,82,Female,28.6,3,0,1,0,former,3,spinal,,C,113,1,home,0,0,5,1.06,1,1
C0413,P0142,Site A,S1,TKA,R,2021-01-30,55,Female,37.5,2,0,0,0,never,1,spinal,,A,79,1,home,0,0,5,3.37,0,0
C0414,P0042,Site B,S1,THA,R,2021-02-06,60,Female,32.1,2,1,1,0,never,0,spinal,posterior,C,66,2,home,0,0,5,4.9,0,0
C0415,P0509,Site A,S2,TKA,L,2021-02-19,65,Male,38.9,2,1,0,0,never,1,spinal,,A,102,0,home,0,0,4,4.86,0,0
C0416,P0264,Site B,S3,THA,R,2021-02-25,54,Female,27.2,1,0,0,0,former,0,spinal,posterior,B,66,0,home,0,0,5,4.85,0,0
C0417,P0201,Site A,S2,TKA,R,2021-03-01,44,Female,24.4,1,0,0,0,current,0,general,,A,88,0,home,0,0,5,3.87,0,0
C0418,P0066,Site A,S1,THA,R,2021-03-05,68,Male,24,2,0,1,0,former,0,spinal,anterior,C,103,0,home,0,0,5,4.82,0,0
C0419,P0486,Site B,S3,TKA,R,2021-03-06,53,Female,26.3,2,0,0,0,never,0,general,,B,68,0,home,0,0,5,4.82,0,0
C0420,P0376,Site B,S2,TKA,R,2021-03-29,59,Male,25.6,2,0,1,0,never,0,spinal,,C,61,1,home,0,0,5,4.76,0,0
C0421,P0306,Site B,S3,THA,R,2021-04-06,51,Female,37.1,2,0,0,1,never,0,spinal,posterior,A,58,2,home,0,0,5,4.74,0,0
C0422,P0404,Site B,S3,THA,L,2021-04-29,67,Male,24.4,2,0,1,0,never,1,spinal,posterior,A,104,0,home,0,0,4,4.67,0,0
C0423,P0098,Site B,S3,THA,L,2021-05-01,71,Male,37.8,3,1,0,0,never,1,spinal,anterior,A,115,0,home,0,0,3,4.67,0,0
C0424,P0340,Site B,S3,TKA,L,2021-05-02,47,Male,32.8,2,0,0,0,never,0,spinal,,A,78,0,home,0,0,,4.67,0,0
C0425,P0103,Site A,S1,TKA,R,2021-05-05,54,Female,34.2,3,1,0,0,never,0,spinal,,C,68,0,home,0,0,5,4.66,0,0
C0426,P0406,Site B,S1,TKA,L,2021-05-14,63,Male,30.1,3,0,1,1,former,0,spinal,,A,94,2,home,0,0,3,4.63,0,0
C0427,P0438,Site A,S1,THA,L,2021-05-16,61,Female,29.2,1,0,1,0,former,0,spinal,anterior,A,81,0,home,0,0,,4.63,0,0
C0428,P0007,Site A,S3,THA,R,2021-05-17,61,Female,29.7,3,0,1,0,never,1,spinal,anterior,B,88,0,home,0,0,5,3.7,2,0
C0429,P0354,Site B,S3,TKA,L,2021-05-26,57,Male,30.8,2,0,1,0,never,0,spinal,,A,98,0,home,0,0,5,4.6,0,0
C0430,P0208,Site B,S1,THA,R,2021-05-29,66,Female,27.7,2,0,1,0,never,2,spinal,posterior,C,108,1,home,0,0,,0.07,1,1
C0431,P0073,Site B,S2,THA,R,2021-06-14,79,Female,23.4,2,0,0,0,never,1,spinal,anterior,B,63,1,rehabilitation clinic,0,0,5,4.55,0,0
C0432,P0348,Site B,S2,TKA,R,2021-06-20,82,Female,29.7,3,0,1,0,former,0,general,,A,74,1,home,0,0,4,4.53,0,0
C0433,P0396,Site A,S3,THA,R,2021-06-30,55,Male,30.6,3,0,0,0,never,0,general,anterior,A,74,0,home,0,0,5,4.5,0,0
C0434,P0096,Site A,S1,TKA,R,2021-07-14,53,Male,29.3,3,0,1,1,never,0,spinal,,C,77,0,rehabilitation clinic,0,0,5,3.81,0,0
C0435,P0031,Site B,S1,THA,R,2021-07-18,62,Female,28,1,0,0,0,never,0,spinal,posterior,C,84,0,home,0,0,,0.18,0,0
C0436,P0059,Site A,S1,TKA,L,2021-07-19,49,Male,20.8,1,0,0,0,former,0,general,,A,83,0,home,0,0,5,4.45,0,0
C0437,P0110,Site A,S1,TKA,R,2021-08-05,73,Female,33.6,3,0,1,0,former,0,spinal,,A,94,1,home,0,0,4,4.41,0,0
C0438,P0161,Site A,S1,THA,L,2021-08-20,79,Female,36.5,3,0,0,0,never,2,spinal,anterior,C,110,4,rehabilitation clinic,0,0,3,4.36,0,0
C0439,P0134,Site B,S2,TKA,L,2021-08-21,75,Male,27.2,3,0,0,0,never,1,spinal,,B,68,1,home,0,0,,4.36,0,0
C0440,P0253,Site B,S1,THA,R,2021-08-31,81,Female,20.4,3,0,1,0,never,3,general,anterior,B,74,1,home,0,0,5,4.33,0,0
C0441,P0403,Site A,S2,THA,L,2021-09-05,60,Male,28.9,2,0,1,0,never,1,spinal,posterior,C,84,2,home,0,0,,0.47,1,1
C0442,P0235,Site A,S1,TKA,L,2021-09-17,60,Male,27.6,2,0,1,1,never,0,general,,C,66,1,home,0,0,4,4.29,0,0
C0443,P0065,Site B,S1,TKA,R,2021-09-19,56,Male,28.2,2,0,0,1,current,0,spinal,,C,72,0,home,0,0,5,4.28,0,0
C0444,P0024,Site A,S3,TKA,L,2021-09-23,76,Female,33.6,3,0,0,0,former,1,spinal,,A,99,0,home,0,0,5,4.27,0,0
C0445,P0460,Site A,S3,THA,R,2021-09-29,67,Female,32.2,2,0,0,0,never,0,spinal,anterior,C,87,0,home,0,0,4,4.11,1,1
C0446,P0156,Site B,S3,TKA,L,2021-10-10,70,Female,23.6,2,0,0,0,never,1,spinal,,A,101,0,home,0,0,4,3.67,0,0
C0447,P0043,Site B,S2,THA,R,2021-10-17,65,Female,36.6,2,0,0,0,former,0,spinal,anterior,B,75,3,home,0,0,5,3,0,0
C0448,P0341,Site A,S1,TKA,L,2021-10-18,81,Male,37,4,0,1,0,never,4,general,,C,109,5,home,0,1,5,3.1,2,0
C0449,P0060,Site B,S3,TKA,L,2021-10-30,63,Male,30.4,2,0,0,0,former,0,general,,A,86,2,home,0,0,,0.81,1,1
C0450,P0090,Site B,S2,TKA,R,2021-11-02,74,Male,22.6,2,0,0,0,former,3,spinal,,C,60,0,rehabilitation clinic,0,0,4,4.16,0,0
C0451,P0397,Site A,S1,TKA,R,2021-11-08,65,Male,18,2,0,0,0,former,1,spinal,,C,79,1,home,0,0,,4.15,0,0
C0452,P0174,Site B,S2,THA,L,2021-11-09,66,Female,25.3,2,0,0,0,former,0,spinal,anterior,A,68,0,home,0,0,5,4.14,0,0
C0453,P0411,Site A,S3,TKA,R,2021-11-18,79,Female,41.1,3,0,1,0,never,2,spinal,,A,79,0,home,0,0,4,4.12,0,0
C0454,P0472,Site B,S1,THA,L,2021-11-19,53,Female,34.7,2,1,1,0,never,1,general,posterior,A,84,0,home,0,0,4,4.11,0,0
C0455,P0415,Site A,S1,TKA,L,2021-11-20,63,Male,34.5,2,1,0,0,never,1,general,,B,101,0,home,0,0,4,4.11,0,0
C0456,P0404,Site B,S2,THA,R,2021-11-22,67,Male,24.8,2,0,1,0,never,0,spinal,anterior,A,66,0,home,0,0,5,4.11,0,0
C0457,P0233,Site A,S1,THA,L,2021-11-24,75,Female,28.5,3,0,0,1,never,2,spinal,anterior,C,68,2,home,0,0,4,4.1,0,0
C0458,P0364,Site A,S2,THA,L,2021-12-08,65,Female,24.4,2,0,0,0,never,0,spinal,posterior,B,64,1,home,0,1,4,4.06,0,0
C0459,P0141,Site B,S2,TKA,L,2021-12-10,49,Male,36.8,1,0,1,0,never,0,spinal,,B,96,0,home,0,0,4,4.06,0,0
C0460,P0169,Site A,S3,THA,R,2021-12-14,50,Female,21.5,2,0,0,0,never,1,spinal,anterior,C,95,0,home,0,0,,0.93,0,0
C0461,P0349,Site A,S2,TKA,R,2021-12-16,58,Male,26.7,2,0,1,0,former,2,spinal,,A,79,0,home,0,0,4,4.04,0,0
C0462,P0134,Site B,S3,TKA,R,2021-12-18,75,Male,27.3,3,0,0,0,never,1,spinal,,C,53,0,home,0,0,4,1.81,1,1
C0463,P0463,Site B,S1,TKA,L,2021-12-28,65,Male,33,3,1,1,1,former,2,spinal,,C,102,1,home,0,0,5,1.39,0,0
C0464,P0010,Site B,S1,THA,L,2022-01-01,67,Female,19.8,2,0,1,0,never,0,spinal,posterior,B,48,0,home,0,0,3,4,0,0
C0465,P0313,Site A,S2,THA,L,2022-01-07,71,Female,23.2,3,0,0,0,never,2,general,anterior,B,61,1,home,1,0,5,3.98,0,0
C0466,P0444,Site B,S1,TKA,R,2022-01-08,62,Male,30.7,3,0,1,0,former,0,spinal,,C,61,3,home,0,0,5,1.12,1,1
C0467,P0077,Site B,S2,TKA,L,2022-01-10,75,Female,25.4,3,0,1,0,former,2,spinal,,A,63,2,home,0,0,5,3.97,0,0
C0468,P0096,Site A,S2,TKA,L,2022-01-10,53,Male,29.2,3,0,1,1,never,0,spinal,,A,89,1,home,0,0,5,2.6,1,1
C0469,P0208,Site B,S1,THA,L,2022-01-21,66,Female,28,2,0,1,0,never,2,spinal,posterior,C,98,0,home,0,0,4,3.94,0,0
C0470,P0395,Site A,S1,THA,L,2022-01-25,79,Male,21,2,0,0,0,former,0,spinal,posterior,B,61,0,home,0,0,2,3.93,0,0
C0471,P0086,Site A,S3,THA,L,2022-01-26,74,Male,25.8,2,0,1,0,current,0,general,anterior,A,64,1,home,0,0,4,3.93,0,0
C0472,P0483,Site B,S2,THA,R,2022-02-02,75,Male,29.8,2,0,1,0,never,1,general,posterior,C,75,0,home,0,1,3,1.17,2,0
C0473,P0425,Site A,S2,TKA,R,2022-02-05,67,Female,30.4,3,0,0,0,former,1,spinal,,A,93,1,home,0,1,,3.9,0,0
C0474,P0209,Site A,S1,THA,L,2022-02-10,45,Female,24.5,2,0,0,0,current,0,spinal,posterior,B,84,0,home,0,0,5,3.89,0,0
C0475,P0231,Site B,S2,TKA,L,2022-02-11,53,Female,32.7,2,0,0,0,former,0,general,,A,107,1,home,0,0,5,3.89,0,0
C0476,P0138,Site B,S2,TKA,L,2022-02-17,65,Male,35.2,2,0,1,1,never,1,spinal,,B,126,0,home,0,0,5,3.87,0,0
C0477,P0299,Site A,S2,THA,R,2022-03-03,66,Male,29.8,2,0,1,0,never,2,spinal,anterior,B,103,5,home,0,0,,0.93,2,0
C0478,P0043,Site B,S2,THA,L,2022-03-11,65,Female,36.5,2,0,0,0,former,0,spinal,anterior,A,88,0,home,0,0,5,2.6,0,0
C0479,P0433,Site B,S2,THA,L,2022-03-26,75,Female,19.2,2,0,1,0,never,1,spinal,posterior,A,87,1,home,0,0,,0.22,1,1
C0480,P0361,Site B,S1,THA,R,2022-03-31,69,Female,29.5,3,0,1,0,never,1,spinal,posterior,A,78,0,home,0,0,5,2.6,0,0
C0481,P0359,Site A,S1,TKA,R,2022-04-05,67,Female,37,2,0,1,0,never,0,spinal,,A,101,2,home,0,0,3,3.74,0,0
C0482,P0325,Site B,S3,THA,R,2022-04-14,68,Female,36.7,2,0,1,0,never,0,spinal,anterior,A,95,2,home,0,0,5,3.72,0,0
C0483,P0413,Site A,S1,TKA,L,2022-04-18,76,Female,39.9,3,0,1,1,never,2,spinal,,A,125,0,home,0,0,5,3.7,0,0
C0484,P0225,Site A,S2,THA,L,2022-04-20,80,Female,29.8,3,0,1,1,former,1,spinal,anterior,A,90,0,home,0,0,5,3.7,0,0
C0485,P0495,Site B,S1,THA,L,2022-05-05,85,Female,33.7,3,0,1,0,current,1,spinal,anterior,A,99,2,home,0,0,5,3.66,0,0
C0486,P0290,Site B,S3,THA,L,2022-05-11,71,Female,27.2,3,0,0,0,former,0,spinal,posterior,B,97,0,home,1,0,5,1.97,0,0
C0487,P0072,Site B,S1,TKA,R,2022-05-25,71,Female,20.4,2,0,1,0,never,1,spinal,,B,89,2,home,0,0,1,1.49,0,0
C0488,P0002,Site B,S1,TKA,R,2022-05-31,69,Female,29.3,3,0,1,0,former,0,spinal,,C,102,0,home,0,0,5,2.3,2,0
C0489,P0392,Site B,S2,THA,L,2022-06-01,80,Male,27.1,3,0,1,0,former,1,spinal,posterior,B,86,2,home,1,0,,0.03,1,1
C0490,P0475,Site A,S1,TKA,L,2022-06-10,67,Female,33.6,2,0,0,0,never,0,general,,B,103,0,home,0,0,5,3.56,0,0
C0491,P0479,Site B,S3,THA,L,2022-06-12,66,Male,29.7,2,0,1,0,never,0,spinal,anterior,B,47,0,home,0,0,4,3.55,0,0
C0492,P0253,Site B,S2,THA,L,2022-06-15,81,Female,20.4,3,0,1,0,never,3,general,anterior,C,56,2,home,0,0,5,3.55,0,0
C0493,P0345,Site B,S2,TKA,L,2022-06-26,61,Male,31.8,2,0,1,1,former,1,spinal,,A,101,2,home,0,0,2,3.52,0,0
C0494,P0122,Site B,S1,TKA,R,2022-07-05,62,Male,30.1,2,0,1,0,never,1,spinal,,A,105,0,home,0,0,5,3.49,0,0
C0495,P0408,Site A,S3,TKA,R,2022-07-11,71,Female,24,3,0,1,0,never,0,general,,C,95,2,rehabilitation clinic,0,0,5,3.47,0,0
C0496,P0105,Site B,S2,TKA,L,2022-07-16,79,Male,34.4,3,0,1,0,never,2,spinal,,A,104,2,home,0,0,5,3.46,0,0
C0497,P0357,Site A,S2,TKA,L,2022-07-23,67,Female,38.6,3,0,1,0,never,0,general,,B,116,0,home,0,1,4,3.44,0,0
C0498,P0280,Site B,S3,TKA,R,2022-07-27,55,Male,30.3,2,0,1,1,former,1,spinal,,A,98,0,home,0,0,5,3.43,0,0
C0499,P0293,Site A,S3,THA,L,2022-07-28,63,Male,32.9,2,0,1,0,never,0,general,posterior,A,77,2,home,0,0,5,3.43,0,0
C0500,P0204,Site B,S2,TKA,L,2022-07-29,64,Male,29.8,2,0,0,0,former,0,general,,A,55,2,home,0,0,4,3.43,0,0
C0501,P0405,Site A,S2,TKA,L,2022-08-10,67,Female,33.5,3,0,1,0,former,0,spinal,,A,105,1,home,0,0,5,3.39,0,0
C0502,P0506,Site A,S1,THA,R,2022-08-15,71,Female,27.8,3,0,0,0,never,2,spinal,posterior,C,87,2,home,0,0,,0.16,1,1
C0503,P0127,Site A,S2,THA,L,2022-08-23,71,Female,26,2,0,1,0,never,1,spinal,anterior,B,92,0,home,0,0,4,2.07,2,0
C0504,P0245,Site B,S1,THA,L,2022-08-23,57,Female,37.2,2,0,1,0,former,0,spinal,posterior,A,76,1,home,0,0,5,3.36,0,0
C0505,P0078,Site A,S3,THA,R,2022-08-29,67,Male,28,2,0,1,0,former,0,spinal,anterior,C,82,0,home,1,0,4,3.34,0,0
C0506,P0313,Site A,S2,THA,R,2022-09-04,71,Female,23.8,2,0,0,0,never,1,spinal,posterior,A,94,2,home,0,0,5,2.61,1,1
C0507,P0049,Site A,S1,TKA,L,2022-09-09,67,Female,40.2,3,0,0,0,never,1,spinal,,A,103,1,home,0,0,5,3.02,0,0
C0508,P0052,Site A,S1,TKA,L,2022-09-14,61,Female,35.3,2,0,1,0,never,1,general,,C,89,1,home,0,0,3,3.3,0,0
C0509,P0046,Site A,S3,TKA,L,2022-09-18,56,Female,33,2,1,1,0,never,2,general,,A,96,1,home,0,0,5,2.79,1,1
C0510,P0183,Site B,S2,TKA,L,2022-09-18,50,Male,30.4,2,0,0,0,never,1,spinal,,B,82,1,home,0,0,5,3.29,0,0
C0511,P0184,Site A,S1,TKA,L,2022-09-28,58,Female,29.6,2,0,0,0,never,1,spinal,,B,90,2,home,0,0,5,3.26,0,0
C0512,P0406,Site B,S3,TKA,R,2022-10-12,64,Male,30.4,2,0,1,1,former,0,general,,A,91,0,home,0,0,,0.69,1,1
C0513,P0456,Site B,S1,THA,L,2022-10-15,85,Female,23.7,2,0,1,0,never,0,spinal,posterior,C,91,2,home,0,1,,0.17,1,1
C0514,P0131,Site A,S3,THA,L,2022-10-19,66,Female,40,3,0,0,0,former,0,spinal,posterior,A,98,1,home,0,0,5,3.2,0,0
C0515,P0065,Site B,S2,TKA,L,2022-10-24,57,Male,27.9,3,0,0,1,current,0,spinal,,C,70,1,home,0,0,5,3.19,0,0
C0516,P0010,Site B,S2,THA,R,2022-10-30,67,Female,20.4,2,0,1,0,never,2,general,posterior,A,75,0,home,0,0,3,3.17,0,0
C0517,P0445,Site A,S2,THA,R,2022-11-01,54,Female,29.3,2,0,0,0,former,1,general,posterior,C,71,1,home,0,0,4,3.16,0,0
C0518,P0222,Site B,S3,TKA,L,2022-11-04,57,Female,31,2,0,1,0,never,0,spinal,,C,93,1,home,0,0,5,3.16,0,0
C0519,P0430,Site B,S2,TKA,R,2022-11-06,85,Female,28.6,2,0,1,0,never,1,spinal,,B,73,2,home,0,0,,0.76,2,0
C0520,P0267,Site B,S1,TKA,R,2022-11-11,76,Female,28,2,0,1,0,never,0,spinal,,B,73,0,home,0,0,,0.16,1,1
C0521,P0325,Site B,S2,THA,L,2022-11-20,68,Female,36.1,2,0,1,0,never,3,spinal,posterior,C,82,0,home,0,1,,0.45,1,1
C0522,P0429,Site B,S2,THA,R,2022-11-21,80,Female,32.5,4,0,1,1,former,3,spinal,posterior,B,72,0,home,1,0,1,3.11,0,0
C0523,P0362,Site A,S2,TKA,L,2022-11-23,67,Female,38.5,3,0,1,0,never,1,spinal,,B,90,0,home,0,0,5,1.19,2,0
C0524,P0218,Site B,S3,THA,R,2022-12-04,73,Female,25.3,2,0,1,0,current,0,spinal,anterior,B,89,2,home,0,0,5,3.07,0,0
C0525,P0247,Site A,S3,THA,R,2022-12-15,51,Male,30,2,0,0,0,former,0,spinal,anterior,A,82,0,home,0,0,5,3.04,0,0
C0526,P0474,Site B,S2,THA,R,2022-12-17,85,Male,41.4,3,0,1,0,former,2,general,anterior,B,111,1,home,0,1,5,3.04,0,0
C0527,P0397,Site A,S2,TKA,L,2022-12-22,66,Male,18,1,0,0,0,former,0,spinal,,A,57,1,home,0,0,2,3.03,0,0
C0528,P0289,Site B,S1,TKA,L,2022-12-27,69,Male,30.5,2,0,1,1,current,0,general,,A,84,2,home,0,1,,0.84,0,0
C0529,P0030,Site B,S1,THA,L,2022-12-28,66,Female,38.4,3,0,0,0,never,0,spinal,anterior,A,69,0,home,0,0,,3.01,0,0
C0530,P0001,Site A,S2,TKA,L,2022-12-29,53,Female,23.5,2,0,1,0,former,1,general,,A,92,0,home,0,0,3,3.01,0,0
C0531,P0292,Site A,S1,TKA,R,2022-12-31,82,Female,27.4,2,0,0,0,former,1,general,,B,106,3,home,0,0,5,2.08,2,0
C0532,P0334,Site A,S3,THA,R,2023-01-02,74,Male,34.7,2,0,1,0,never,1,general,posterior,A,79,0,home,0,0,5,3,0,0
C0533,P0188,Site B,S3,TKA,R,2023-01-12,76,Female,38.3,3,0,1,0,former,1,general,,A,105,3,home,0,0,4,2.97,0,0
C0534,P0138,Site B,S1,TKA,R,2023-01-22,65,Male,34.9,3,0,1,1,never,0,general,,A,78,0,home,1,0,4,2.94,0,0
C0535,P0312,Site A,S2,THA,L,2023-02-02,67,Male,26.8,2,0,0,0,never,0,general,anterior,A,60,2,home,0,0,5,2.91,0,0
C0536,P0077,Site B,S3,TKA,R,2023-02-07,76,Female,24.1,2,0,1,0,former,1,spinal,,A,104,1,home,1,0,5,2.9,0,0
C0537,P0296,Site A,S2,THA,L,2023-02-09,72,Female,28.1,3,0,1,0,never,1,spinal,posterior,A,84,1,home,0,1,3,2.89,0,0
C0538,P0189,Site B,S1,TKA,L,2023-02-14,58,Male,29.3,1,0,0,0,never,0,spinal,,B,69,0,home,0,0,,2.88,0,0
C0539,P0262,Site B,S2,TKA,R,2023-02-15,67,Male,32.6,2,0,1,1,never,0,spinal,,A,66,1,home,0,0,5,2.87,0,0
C0540,P0101,Site B,S2,THA,L,2023-02-20,73,Female,30.4,2,0,1,0,never,0,spinal,anterior,B,91,1,home,0,0,4,2.86,0,0
C0541,P0057,Site A,S3,TKA,R,2023-02-26,71,Female,24.6,2,0,0,0,never,1,spinal,,B,70,0,home,0,0,4,2.84,0,0
C0542,P0211,Site A,S2,TKA,R,2023-03-07,71,Male,21.9,2,0,1,0,current,0,general,,A,73,3,home,0,0,3,2.62,2,0
C0543,P0492,Site A,S3,TKA,L,2023-03-11,67,Male,35.3,3,0,1,0,never,0,general,,A,118,3,home,0,0,5,2.44,0,0
C0544,P0141,Site B,S3,TKA,R,2023-03-26,50,Male,36.2,3,0,1,0,never,0,spinal,,B,92,0,home,0,0,5,2.77,0,0
C0545,P0060,Site B,S1,TKA,R,2023-03-31,64,Male,30.6,2,0,0,0,former,1,spinal,,A,90,2,home,0,0,5,2.75,0,0
C0546,P0371,Site A,S1,TKA,R,2023-04-11,66,Male,23.2,3,0,0,0,never,2,spinal,,C,98,1,home,0,0,4,2.72,0,0
C0547,P0290,Site B,S3,THA,R,2023-04-12,71,Female,28.7,2,0,0,0,former,0,general,anterior,B,81,0,home,0,0,5,1.05,0,0
C0548,P0117,Site B,S1,TKA,L,2023-04-18,64,Female,31,3,0,1,0,former,0,spinal,,B,94,1,home,0,0,4,2.7,0,0
C0549,P0350,Site A,S1,TKA,L,2023-04-22,59,Female,21.2,2,0,1,1,current,0,spinal,,A,56,2,home,0,0,2,2.69,0,0
C0550,P0441,Site A,S1,TKA,R,2023-04-25,61,Female,40.4,3,0,1,1,never,1,spinal,,A,115,1,home,0,0,5,2.69,0,0
C0551,P0275,Site A,S2,TKA,L,2023-04-29,70,Male,44.3,2,0,1,0,former,1,spinal,,B,84,1,home,0,1,5,2.67,0,0
C0552,P0407,Site A,S1,TKA,L,2023-04-29,55,Male,29.9,1,0,1,0,never,0,spinal,,B,86,0,home,0,0,5,2.67,0,0
C0553,P0151,Site A,S2,THA,R,2023-05-11,67,Female,27.1,2,0,1,0,never,0,spinal,posterior,A,66,1,home,1,0,,0.3,1,1
C0554,P0078,Site A,S1,THA,L,2023-05-17,67,Male,28.4,3,0,1,0,former,0,spinal,anterior,A,77,2,home,1,0,2,2.63,0,0
C0555,P0471,Site B,S3,TKA,R,2023-05-18,85,Male,27.4,3,1,0,0,never,4,spinal,,B,89,0,home,0,0,5,2.62,0,0
C0556,P0130,Site A,S1,TKA,R,2023-05-19,70,Male,30.7,3,0,1,0,former,1,spinal,,A,70,2,home,0,0,4,2.62,0,0
C0557,P0318,Site A,S3,THA,R,2023-06-08,59,Male,28.3,2,0,1,0,former,0,general,posterior,B,83,1,home,0,0,,0.19,1,1
C0558,P0016,Site A,S3,THA,L,2023-06-15,84,Male,33.1,3,0,1,0,never,1,spinal,anterior,A,122,1,home,0,1,3,1.28,2,0
C0559,P0385,Site B,S2,THA,L,2023-06-16,69,Female,21,1,0,0,0,current,1,general,posterior,B,75,0,rehabilitation clinic,0,0,,2.54,0,0
C0560,P0097,Site A,S1,THA,L,2023-06-18,83,Male,23.3,2,0,1,0,former,1,spinal,anterior,A,81,1,home,0,0,,0.31,2,0
C0561,P0167,Site A,S3,THA,R,2023-07-06,59,Male,24.1,3,1,1,0,never,5,spinal,posterior,B,45,1,home,0,0,4,2.49,0,0
C0562,P0194,Site B,S3,TKA,R,2023-07-06,46,Female,27.1,2,0,0,0,never,0,spinal,,B,53,2,home,0,0,5,2.49,0,0
C0563,P0004,Site A,S3,TKA,L,2023-07-11,69,Male,25.2,2,0,0,0,current,0,spinal,,B,73,1,rehabilitation clinic,0,0,5,2.48,0,0
C0564,P0206,Site B,S1,THA,R,2023-07-20,65,Female,40.2,4,0,1,0,never,2,general,anterior,C,110,0,home,0,0,4,1.1,1,1
C0565,P0518,Site B,S2,TKA,L,2023-07-21,66,Male,29.5,3,0,0,0,never,1,spinal,,C,68,1,home,0,0,3,2.45,0,0
C0566,P0333,Site A,S2,TKA,R,2023-07-23,67,Male,36.9,3,0,1,1,never,0,general,,A,94,0,home,0,1,5,2.44,0,0
C0567,P0498,Site A,S3,THA,R,2023-07-27,70,Female,29.9,3,1,0,0,never,4,spinal,posterior,A,62,2,home,0,0,,2.43,0,0
C0568,P0489,Site A,S3,THA,L,2023-08-09,78,Male,18,2,0,1,0,former,2,general,posterior,B,49,0,home,0,0,5,2.4,0,0
C0569,P0378,Site A,S2,TKA,R,2023-08-20,63,Male,29.6,3,0,1,0,former,1,general,,A,118,0,home,0,0,5,2.37,0,0
C0570,P0282,Site B,S3,TKA,L,2023-09-01,53,Male,25.9,2,0,0,0,never,0,spinal,,C,72,0,home,0,0,4,2.33,0,0
C0571,P0437,Site B,S3,TKA,L,2023-09-17,66,Male,20.7,2,0,0,0,never,1,spinal,,B,69,1,home,0,0,,0.16,0,0
C0572,P0075,Site B,S1,THA,L,2023-09-28,59,Female,24,2,0,1,0,never,0,general,posterior,A,71,0,home,0,0,5,2.26,0,0
C0573,P0363,Site A,S1,TKA,R,2023-09-29,66,Female,43.8,3,0,0,0,never,1,spinal,,A,107,4,home,0,0,,0.19,0,0
C0574,P0240,Site B,S2,TKA,L,2023-10-09,67,Male,28.3,3,0,0,0,former,2,general,,A,77,0,home,0,0,5,2.23,0,0
C0575,P0167,Site A,S2,THA,L,2023-10-10,59,Male,24.6,3,1,1,0,never,0,spinal,anterior,C,67,1,home,0,0,4,2.23,0,0
C0576,P0195,Site B,S1,TKA,R,2023-10-10,80,Female,40.1,3,0,1,1,never,0,spinal,,C,108,1,home,0,0,5,2.23,0,0
C0577,P0410,Site B,S1,TKA,R,2023-10-18,69,Male,27.2,2,0,0,0,never,1,general,,B,55,0,home,0,0,3,2.2,0,0
C0578,P0480,Site B,S2,TKA,L,2023-10-25,71,Male,31,3,0,1,0,former,3,spinal,,B,101,1,home,0,0,,2.18,0,0
C0579,P0491,Site B,S2,TKA,L,2023-11-02,57,Female,32.3,3,0,0,0,former,0,general,,C,64,1,home,0,0,5,2.16,0,0
C0580,P0172,Site A,S1,THA,L,2023-11-03,63,Male,33.9,3,0,0,0,never,0,spinal,posterior,A,66,0,home,0,0,5,2.16,0,0
C0581,P0333,Site A,S1,TKA,L,2023-11-04,67,Male,36.2,3,0,1,1,never,0,general,,B,88,0,home,1,0,4,2.16,0,0
C0582,P0358,Site B,S3,THA,L,2023-11-06,85,Female,24.3,3,0,1,0,never,1,spinal,posterior,A,110,1,home,0,0,2,2.15,0,0
C0583,P0068,Site B,S2,TKA,R,2023-11-08,63,Male,31.4,2,0,0,0,never,0,spinal,,C,105,0,home,0,0,5,2.15,0,0
C0584,P0441,Site A,S3,TKA,L,2023-11-22,61,Female,41,3,0,1,1,never,0,spinal,,A,95,1,home,0,0,4,2.11,0,0
C0585,P0512,Site B,S1,TKA,R,2023-11-23,75,Male,24.2,3,0,1,0,never,2,spinal,,B,56,1,home,1,0,4,2.11,0,0
C0586,P0070,Site B,S3,THA,R,2023-11-26,79,Female,26.6,3,1,1,0,former,1,spinal,posterior,C,87,5,home,0,1,5,2.1,0,0
C0587,P0046,Site A,S1,TKA,R,2023-11-28,57,Female,34.5,3,1,1,0,never,1,general,,A,115,1,home,0,0,4,2.09,0,0
C0588,P0309,Site B,S1,THA,R,2023-12-01,55,Female,30,2,0,1,0,never,0,spinal,anterior,B,78,0,home,0,0,,2.08,0,0
C0589,P0459,Site B,S1,TKA,R,2023-12-18,75,Male,32.9,3,0,0,0,former,1,spinal,,A,101,1,home,0,0,1,2.04,0,0
C0590,P0155,Site A,S2,THA,R,2023-12-21,64,Female,24.7,2,0,0,0,former,2,general,anterior,B,61,1,home,0,0,4,2.03,0,0
C0591,P0442,Site B,S1,TKA,L,2023-12-24,53,Female,31.8,1,0,1,0,never,0,spinal,,B,85,2,home,0,0,4,2.02,0,0
C0592,P0310,Site A,S1,THA,L,2023-12-26,70,Female,24.4,2,0,0,0,never,0,general,anterior,A,98,0,home,0,0,5,2.02,0,0
C0593,P0195,Site B,S3,TKA,L,2024-02-19,80,Female,39.7,3,0,1,1,never,0,general,,B,123,2,home,0,1,5,1.86,0,0
C0594,P0172,Site A,S3,THA,R,2024-05-28,63,Male,33.7,3,0,0,0,never,1,general,posterior,A,113,1,home,1,0,5,1.59,0,0
C0595,P0130,Site A,S1,TKA,L,2024-06-01,71,Male,32.6,2,0,1,0,former,2,general,,C,89,3,home,0,0,4,1.58,0,0
C0596,P0240,Site B,S1,TKA,R,2024-07-08,67,Male,27.9,2,0,0,0,former,1,spinal,,B,98,0,home,0,0,,1.48,0,0
C0597,P0101,Site B,S3,THA,R,2024-08-05,74,Female,31.9,3,0,1,0,never,0,general,posterior,A,96,0,home,1,0,5,1.4,0,0
C0598,P0117,Site B,S2,TKA,R,2024-08-07,65,Female,30.4,2,0,1,0,former,0,spinal,,B,93,0,home,0,0,5,1.4,0,0
C0599,P0385,Site B,S1,THA,R,2024-10-22,70,Female,21.2,2,0,0,0,current,2,spinal,anterior,B,66,0,home,0,0,4,1.19,0,0
C0600,P0518,Site B,S2,TKA,R,2024-11-11,67,Male,29.5,2,0,0,0,never,1,spinal,,A,82,2,home,0,0,4,1.14,0,0
