patient_id,arm,visit,visit_days,efas,pain_nrs
F001,boot,6wk,45,13,4
F001,boot,3mo,100,17,3
F001,boot,6mo,169,21,2
F001,boot,12mo,,,
F002,boot,6wk,38,18,4
F002,boot,3mo,97,21,5
F002,boot,6mo,,,
F002,boot,12mo,374,22,1
F003,cast,6wk,43,7,10
F003,cast,3mo,,,
F003,cast,6mo,181,13,1
F003,cast,12mo,350,19,1
F004,boot,6wk,39,10,4
F004,boot,3mo,94,14,2
F004,boot,6mo,193,16,4
F004,boot,12mo,,,
F005,cast,6wk,,,
F005,cast,3mo,89,9,5
F005,cast,6mo,186,15,4
F005,cast,12mo,,,
F006,cast,6wk,40,13,3
F006,cast,3mo,94,16,0
F006,cast,6mo,189,23,2
F006,cast,12mo,,,
F007,cast,6wk,40,9,2
F007,cast,3mo,101,17,3
F007,cast,6mo,176,15,0
F007,cast,12mo,376,19,5
F008,boot,6wk,43,13,4
F008,boot,3mo,84,13,4
F008,boot,6mo,,,
F008,boot,12mo,383,19,2
F009,boot,6wk,46,10,4
F009,boot,3mo,93,18,6
F009,boot,6mo,182,15,0
F009,boot,12mo,379,18,4
F010,cast,6wk,40,8,7
F010,cast,3mo,92,15,3
F010,cast,6mo,178,15,2
F010,cast,12mo,374,20,4
F011,boot,6wk,44,12,4
F011,boot,3mo,95,17,5
F011,boot,6mo,175,20,3
F011,boot,12mo,,,
F012,cast,6wk,45,10,4
F012,cast,3mo,83,13,3
F012,cast,6mo,,,
F012,cast,12mo,361,17,1
F013,boot,6wk,43,11,3
F013,boot,3mo,85,17,0
F013,boot,6mo,175,19,2
F013,boot,12mo,359,20,0
F014,cast,6wk,46,6,7
F014,cast,3mo,,,
F014,cast,6mo,168,13,3
F014,cast,12mo,348,19,3
F015,boot,6wk,46,13,5
F015,boot,3mo,94,17,4
F015,boot,6mo,182,21,3
F015,boot,12mo,352,19,3
F016,boot,6wk,47,16,4
F016,boot,3mo,91,17,1
F016,boot,6mo,184,18,3
F016,boot,12mo,379,23,0
F017,boot,6wk,44,13,3
F017,boot,3mo,82,20,1
F017,boot,6mo,,,
F017,boot,12mo,,,
F018,cast,6wk,46,11,3
F018,cast,3mo,86,15,2
F018,cast,6mo,186,21,2
F018,cast,12mo,378,23,2
F019,cast,6wk,44,9,2
F019,cast,3mo,91,16,1
F019,cast,6mo,188,18,2
F019,cast,12mo,381,18,3
F020,boot,6wk,38,11,4
F020,boot,3mo,88,21,2
F020,boot,6mo,193,20,1
F020,boot,12mo,357,23,2
F021,boot,6wk,40,12,3
F021,boot,3mo,99,16,4
F021,boot,6mo,193,18,3
F021,boot,12mo,386,17,1
F022,boot,6wk,40,18,3
F022,boot,3mo,84,17,3
F022,boot,6mo,188,19,2
F022,boot,12mo,367,18,3
F023,cast,6wk,39,12,6
F023,cast,3mo,100,17,4
F023,cast,6mo,193,24,2
F023,cast,12mo,,,
F024,boot,6wk,41,11,6
F024,boot,3mo,97,13,3
F024,boot,6mo,175,23,3
F024,boot,12mo,364,22,1
F025,boot,6wk,41,18,4
F025,boot,3mo,84,18,3
F025,boot,6mo,,,
F025,boot,12mo,374,24,0
F026,cast,6wk,38,13,4
F026,cast,3mo,93,16,0
F026,cast,6mo,186,22,1
F026,cast,12mo,367,21,1
F027,cast,6wk,40,14,4
F027,cast,3mo,83,21,2
F027,cast,6mo,188,23,2
F027,cast,12mo,371,24,0
F028,boot,6wk,37,13,3
F028,boot,3mo,88,20,1
F028,boot,6mo,195,20,3
F028,boot,12mo,359,21,0
F029,boot,6wk,42,10,8
F029,boot,3mo,91,15,3
F029,boot,6mo,171,16,4
F029,boot,12mo,381,20,1
F030,boot,6wk,45,8,7
F030,boot,3mo,84,10,2
F030,boot,6mo,189,10,5
F030,boot,12mo,348,14,3
F031,cast,6wk,38,11,6
F031,cast,3mo,96,12,6
F031,cast,6mo,188,18,1
F031,cast,12mo,375,20,4
F032,cast,6wk,44,9,4
F032,cast,3mo,81,13,5
F032,cast,6mo,,,
F032,cast,12mo,,,
F033,cast,6wk,40,12,7
F033,cast,3mo,82,12,4
F033,cast,6mo,,,
F033,cast,12mo,382,19,3
F034,cast,6wk,45,11,5
F034,cast,3mo,,,
F034,cast,6mo,170,20,4
F034,cast,12mo,373,21,3
F035,boot,6wk,40,15,4
F035,boot,3mo,100,17,3
F035,boot,6mo,178,22,1
F035,boot,12mo,372,22,3
F036,cast,6wk,41,13,4
F036,cast,3mo,84,20,2
F036,cast,6mo,192,23,1
F036,cast,12mo,365,24,2
F037,boot,6wk,43,15,2
F037,boot,3mo,97,21,1
F037,boot,6mo,,,
F037,boot,12mo,366,23,2
F038,cast,6wk,38,11,4
F038,cast,3mo,93,23,0
F038,cast,6mo,171,21,1
F038,cast,12mo,369,21,2
F039,boot,6wk,41,13,4
F039,boot,3mo,81,20,2
F039,boot,6mo,191,16,1
F039,boot,12mo,366,23,0
F040,boot,6wk,43,8,4
F040,boot,3mo,91,13,3
F040,boot,6mo,178,15,3
F040,boot,12mo,385,18,0
F041,boot,6wk,46,11,3
F041,boot,3mo,94,19,3
F041,boot,6mo,185,20,2
F041,boot,12mo,380,19,2
F042,boot,6wk,39,13,3
F042,boot,3mo,85,16,3
F042,boot,6mo,182,20,2
F042,boot,12mo,360,20,1
F043,cast,6wk,47,9,6
F043,cast,3mo,94,14,3
F043,cast,6mo,,,
F043,cast,12mo,,,
F044,boot,6wk,40,14,2
F044,boot,3mo,101,20,0
F044,boot,6mo,190,21,2
F044,boot,12mo,368,22,0
F045,cast,6wk,44,11,0
F045,cast,3mo,91,14,0
F045,cast,6mo,178,16,2
F045,cast,12mo,385,21,2
F046,cast,6wk,43,13,1
F046,cast,3mo,91,17,1
F046,cast,6mo,188,20,4
F046,cast,12mo,347,24,1
F047,boot,6wk,43,13,3
F047,boot,3mo,86,18,2
F047,boot,6mo,185,21,2
F047,boot,12mo,384,21,2
F048,cast,6wk,45,5,6
F048,cast,3mo,85,11,2
F048,cast,6mo,172,18,2
F048,cast,12mo,360,22,0
F049,cast,6wk,42,10,6
F049,cast,3mo,89,14,4
F049,cast,6mo,168,18,3
F049,cast,12mo,350,21,3
F050,cast,6wk,43,7,8
F050,cast,3mo,84,13,3
F050,cast,6mo,183,14,0
F050,cast,12mo,,,
F051,cast,6wk,47,12,5
F051,cast,3mo,87,14,3
F051,cast,6mo,176,24,3
F051,cast,12mo,380,24,0
F052,boot,6wk,44,10,4
F052,boot,3mo,93,17,1
F052,boot,6mo,196,19,3
F052,boot,12mo,361,19,5
F053,cast,6wk,42,0,10
F053,cast,3mo,100,6,9
F053,cast,6mo,172,10,3
F053,cast,12mo,378,14,4
F054,cast,6wk,44,13,7
F054,cast,3mo,94,17,1
F054,cast,6mo,177,24,3
F054,cast,12mo,363,24,1
F055,boot,6wk,42,11,1
F055,boot,3mo,82,17,3
F055,boot,6mo,173,18,3
F055,boot,12mo,354,17,2
F056,cast,6wk,40,14,3
F056,cast,3mo,95,16,1
F056,cast,6mo,179,21,0
F056,cast,12mo,365,24,2
F057,cast,6wk,41,5,6
F057,cast,3mo,82,7,2
F057,cast,6mo,172,15,1
F057,cast,12mo,353,15,1
F058,boot,6wk,41,14,5
F058,boot,3mo,85,17,2
F058,boot,6mo,192,17,0
F058,boot,12mo,360,23,0
F059,boot,6wk,44,11,3
F059,boot,3mo,93,21,3
F059,boot,6mo,170,21,2
F059,boot,12mo,369,24,1
F060,cast,6wk,38,12,2
F060,cast,3mo,,,
F060,cast,6mo,185,20,1
F060,cast,12mo,,,
F061,boot,6wk,46,13,3
F061,boot,3mo,91,21,3
F061,boot,6mo,175,17,4
F061,boot,12mo,363,20,2
F062,boot,6wk,43,12,2
F062,boot,3mo,,,
F062,boot,6mo,,,
F062,boot,12mo,371,24,0
F063,cast,6wk,38,8,6
F063,cast,3mo,86,14,2
F063,cast,6mo,186,20,3
F063,cast,12mo,,,
F064,cast,6wk,44,11,5
F064,cast,3mo,96,13,3
F064,cast,6mo,185,17,1
F064,cast,12mo,349,19,1
F065,cast,6wk,45,10,7
F065,cast,3mo,93,17,4
F065,cast,6mo,186,17,3
F065,cast,12mo,381,22,1
F066,cast,6wk,38,7,6
F066,cast,3mo,88,14,4
F066,cast,6mo,187,19,2
F066,cast,12mo,359,21,3
F067,cast,6wk,42,9,6
F067,cast,3mo,95,13,5
F067,cast,6mo,174,19,1
F067,cast,12mo,352,18,1
F068,boot,6wk,37,12,3
F068,boot,3mo,97,20,3
F068,boot,6mo,195,19,2
F068,boot,12mo,367,21,1
F069,boot,6wk,38,12,1
F069,boot,3mo,95,19,1
F069,boot,6mo,172,18,2
F069,boot,12mo,383,21,0
F070,cast,6wk,38,10,3
F070,cast,3mo,97,12,2
F070,cast,6mo,,,
F070,cast,12mo,386,21,3
F071,cast,6wk,44,9,4
F071,cast,3mo,,,
F071,cast,6mo,192,21,2
F071,cast,12mo,353,23,0
F072,cast,6wk,38,11,2
F072,cast,3mo,82,17,2
F072,cast,6mo,182,18,1
F072,cast,12mo,358,21,0
F073,cast,6wk,40,7,5
F073,cast,3mo,91,13,3
F073,cast,6mo,180,16,1
F073,cast,12mo,370,22,1
F074,cast,6wk,43,14,4
F074,cast,3mo,92,17,1
F074,cast,6mo,173,18,0
F074,cast,12mo,377,20,0
F075,boot,6wk,43,9,5
F075,boot,3mo,99,14,4
F075,boot,6mo,188,17,1
F075,boot,12mo,365,19,4
F076,cast,6wk,46,11,5
F076,cast,3mo,82,14,3
F076,cast,6mo,186,23,0
F076,cast,12mo,365,24,1
F077,cast,6wk,45,6,4
F077,cast,3mo,85,14,2
F077,cast,6mo,170,13,4
F077,cast,12mo,,,
F078,boot,6wk,38,14,2
F078,boot,3mo,90,17,3
F078,boot,6mo,176,17,4
F078,boot,12mo,365,19,2
F079,cast,6wk,38,8,6
F079,cast,3mo,88,10,6
F079,cast,6mo,181,21,0
F079,cast,12mo,,,
F080,boot,6wk,41,18,2
F080,boot,3mo,81,18,2
F080,boot,6mo,170,24,0
F080,boot,12mo,348,22,0
F081,boot,6wk,45,9,4
F081,boot,3mo,92,16,2
F081,boot,6mo,184,20,4
F081,boot,12mo,349,22,2
F082,boot,6wk,45,9,5
F082,boot,3mo,84,13,0
F082,boot,6mo,195,17,4
F082,boot,12mo,,,
F083,cast,6wk,44,10,4
F083,cast,3mo,88,15,2
F083,cast,6mo,177,23,2
F083,cast,12mo,366,21,0
F084,boot,6wk,,,
F084,boot,3mo,84,18,0
F084,boot,6mo,176,19,0
F084,boot,12mo,357,21,1
F085,boot,6wk,43,11,2
F085,boot,3mo,84,14,1
F085,boot,6mo,192,21,5
F085,boot,12mo,373,21,1
F086,boot,6wk,,,
F086,boot,3mo,96,21,3
F086,boot,6mo,176,18,2
F086,boot,12mo,367,18,1
F087,boot,6wk,39,18,1
F087,boot,3mo,85,21,2
F087,boot,6mo,189,18,0
F087,boot,12mo,355,24,0
F088,cast,6wk,42,10,7
F088,cast,3mo,83,11,6
F088,cast,6mo,,,
F088,cast,12mo,,,
F089,boot,6wk,42,13,3
F089,boot,3mo,92,18,2
F089,boot,6mo,180,19,3
F089,boot,12mo,369,24,1
F090,boot,6wk,37,13,3
F090,boot,3mo,100,17,2
F090,boot,6mo,188,20,4
F090,boot,12mo,365,20,0
F091,cast,6wk,38,10,4
F091,cast,3mo,83,12,1
F091,cast,6mo,187,19,2
F091,cast,12mo,370,16,3
F092,cast,6wk,46,5,3
F092,cast,3mo,85,11,1
F092,cast,6mo,183,14,4
F092,cast,12mo,,,
F093,boot,6wk,40,9,5
F093,boot,3mo,,,
F093,boot,6mo,,,
F093,boot,12mo,357,16,0
F094,boot,6wk,42,12,3
F094,boot,3mo,92,22,1
F094,boot,6mo,173,20,1
F094,boot,12mo,357,22,1
F095,cast,6wk,39,11,5
F095,cast,3mo,84,15,0
F095,cast,6mo,179,20,2
F095,cast,12mo,365,23,0
F096,cast,6wk,43,13,5
F096,cast,3mo,93,13,0
F096,cast,6mo,178,24,1
F096,cast,12mo,349,23,0
F097,boot,6wk,42,19,5
F097,boot,3mo,91,23,0
F097,boot,6mo,,,
F097,boot,12mo,370,24,0
F098,boot,6wk,41,8,7
F098,boot,3mo,84,18,5
F098,boot,6mo,191,19,4
F098,boot,12mo,361,17,1
F099,boot,6wk,40,16,3
F099,boot,3mo,87,20,0
F099,boot,6mo,170,20,3
F099,boot,12mo,344,23,0
F100,cast,6wk,,,
F100,cast,3mo,91,15,1
F100,cast,6mo,171,19,7
F100,cast,12mo,368,22,2
F101,boot,6wk,44,14,7
F101,boot,3mo,99,13,1
F101,boot,6mo,,,
F101,boot,12mo,348,19,0
F102,boot,6wk,44,10,6
F102,boot,3mo,92,20,1
F102,boot,6mo,182,17,4
F102,boot,12mo,365,19,1
F103,boot,6wk,44,9,3
F103,boot,3mo,86,17,3
F103,boot,6mo,188,16,0
F103,boot,12mo,357,18,2
F104,boot,6wk,43,12,4
F104,boot,3mo,89,13,0
F104,boot,6mo,191,20,2
F104,boot,12mo,366,20,0
F105,cast,6wk,46,7,7
F105,cast,3mo,91,12,1
F105,cast,6mo,193,24,1
F105,cast,12mo,369,23,0
F106,boot,6wk,40,10,5
F106,boot,3mo,,,
F106,boot,6mo,,,
F106,boot,12mo,360,16,1
F107,cast,6wk,37,6,7
F107,cast,3mo,85,7,8
F107,cast,6mo,172,14,2
F107,cast,12mo,344,17,1
F108,boot,6wk,46,11,5
F108,boot,3mo,99,17,3
F108,boot,6mo,176,20,1
F108,boot,12mo,347,17,2
F109,boot,6wk,39,11,5
F109,boot,3mo,86,13,8
F109,boot,6mo,177,17,1
F109,boot,12mo,347,17,4
F110,cast,6wk,44,9,4
F110,cast,3mo,95,14,0
F110,cast,6mo,186,19,3
F110,cast,12mo,,,
F111,cast,6wk,39,10,4
F111,cast,3mo,88,13,0
F111,cast,6mo,185,20,0
F111,cast,12mo,358,21,3
F112,boot,6wk,39,14,2
F112,boot,3mo,92,15,1
F112,boot,6mo,190,23,1
F112,boot,12mo,350,17,1
F113,cast,6wk,43,9,1
F113,cast,3mo,82,15,2
F113,cast,6mo,,,
F113,cast,12mo,379,24,0
F114,cast,6wk,39,8,5
F114,cast,3mo,97,17,4
F114,cast,6mo,182,19,0
F114,cast,12mo,358,22,0
F115,boot,6wk,44,11,2
F115,boot,3mo,86,15,0
F115,boot,6mo,171,21,0
F115,boot,12mo,368,17,2
F116,cast,6wk,42,14,6
F116,cast,3mo,97,13,0
F116,cast,6mo,185,18,2
F116,cast,12mo,358,19,0
F117,cast,6wk,46,2,10
F117,cast,3mo,100,4,4
F117,cast,6mo,,,
F117,cast,12mo,373,16,4
F118,cast,6wk,40,8,4
F118,cast,3mo,84,12,4
F118,cast,6mo,175,16,2
F118,cast,12mo,345,23,2
F119,cast,6wk,46,8,4
F119,cast,3mo,94,15,3
F119,cast,6mo,194,21,3
F119,cast,12mo,368,19,1
F120,boot,6wk,38,14,4
F120,boot,3mo,82,22,1
F120,boot,6mo,,,
F120,boot,12mo,366,24,0
