patient_id,arm,age,sex,union_3mo
F001,boot,42,Male,1
F002,boot,33,Female,1
F003,cast,30,Male,0
F004,boot,35,Female,1
F005,cast,53,Female,1
F006,cast,65,Male,1
F007,cast,33,Male,1
F008,boot,36,Female,1
F009,boot,29,Male,1
F010,cast,27,Male,1
F011,boot,70,Female,1
F012,cast,33,Male,1
F013,boot,31,Female,1
F014,cast,26,Male,1
F015,boot,56,Female,1
F016,boot,76,Male,1
F017,boot,18,Male,1
F018,cast,28,Male,1
F019,cast,51,Male,1
F020,boot,44,Male,0
F021,boot,26,Female,1
F022,boot,19,Female,1
F023,cast,45,Female,1
F024,boot,57,Female,1
F025,boot,43,Female,1
F026,cast,30,Male,1
F027,cast,51,Female,1
F028,boot,68,Female,1
F029,boot,57,Male,1
F030,boot,45,Female,1
F031,cast,38,Female,1
F032,cast,40,Male,0
F033,cast,61,Female,1
F034,cast,59,Male,0
F035,boot,55,Male,1
F036,cast,51,Male,0
F037,boot,18,Female,0
F038,cast,43,Female,1
F039,boot,54,Male,1
F040,boot,49,Female,1
F041,boot,56,Male,0
F042,boot,31,Female,0
F043,cast,45,Female,1
F044,boot,24,Female,1
F045,cast,53,Female,1
F046,cast,47,Female,1
F047,boot,23,Male,1
F048,cast,43,Female,1
F049,cast,35,Female,1
F050,cast,53,Female,1
F051,cast,43,Female,1
F052,boot,24,Female,1
F053,cast,26,Female,1
F054,cast,64,Male,1
F055,boot,37,Male,1
F056,cast,42,Female,1
F057,cast,37,Female,1
F058,boot,61,Female,1
F059,boot,44,Female,1
F060,cast,49,Male,1
F061,boot,55,Male,1
F062,boot,39,Female,1
F063,cast,43,Female,1
F064,cast,56,Female,1
F065,cast,20,Female,0
F066,cast,59,Female,1
F067,cast,24,Female,1
F068,boot,18,Female,1
F069,boot,48,Male,0
F070,cast,44,Male,0
F071,cast,69,Male,1
F072,cast,60,Male,1
F073,cast,31,Female,1
F074,cast,56,Male,1
F075,boot,36,Female,1
F076,cast,36,Male,1
F077,cast,45,Female,1
F078,boot,33,Male,0
F079,cast,60,Female,1
F080,boot,44,Male,1
F081,boot,44,Male,1
F082,boot,65,Female,1
F083,cast,35,Female,1
F084,boot,27,Male,1
F085,boot,34,Female,1
F086,boot,67,Male,1
F087,boot,35,Female,1
F088,cast,24,Male,1
F089,boot,45,Female,1
F090,boot,43,Male,1
F091,cast,60,Female,1
F092,cast,42,Female,1
F093,boot,26,Female,1
F094,boot,46,Female,1
F095,cast,34,Female,1
F096,cast,73,Female,1
F097,boot,46,Male,0
F098,boot,80,Female,1
F099,boot,25,Female,1
F100,cast,67,Female,1
F101,boot,46,Female,1
F102,boot,47,Male,1
F103,boot,46,Male,0
F104,boot,24,Female,1
F105,cast,32,Male,1
F106,boot,61,Female,1
F107,cast,54,Female,1
F108,boot,70,Female,1
F109,boot,39,Male,1
F110,cast,61,Male,1
F111,cast,67,Male,1
F112,boot,30,Female,0
F113,cast,43,Female,0
F114,cast,34,Male,1
F115,boot,35,Male,1
F116,cast,48,Male,1
F117,cast,31,Male,1
F118,cast,43,Female,1
F119,cast,35,Male,1
F120,boot,36,Male,1
