patient_id,age,sex,asa,dementia,residence,fracture_type,treatment,hours_to_surgery,surgery_within_48h,los_days,death_30d,followup_days,died
H0001,96,Female,4,0,nursing home,femoral neck,hemiarthroplasty,19.5,1,10,0,365,0
H0002,76,Female,3,0,home,trochanteric,nail,24.5,1,11,0,365,0
H0003,79,Female,4,0,nursing home,femoral neck,hemiarthroplasty,19,1,8,0,365,0
H0004,79,Female,3,0,home,trochanteric,nail,13.8,1,15,0,365,0
H0005,78,Male,3,0,home,trochanteric,nail,18,1,14,0,342,1
H0006,80,Female,2,0,home,trochanteric,nail,36,1,11,0,365,0
H0007,86,Female,2,0,nursing home,femoral neck,hemiarthroplasty,24.3,1,5,0,44,1
H0008,74,Male,3,1,nursing home,trochanteric,nail,9.9,1,19,0,365,0
H0009,80,Male,2,0,home,trochanteric,nail,14.3,1,11,0,237,1
H0010,88,Female,3,0,home,trochanteric,nail,31.5,1,10,0,365,0
H0011,87,Female,3,0,home,trochanteric,nail,31,1,19,0,312,1
H0012,77,Male,4,0,nursing home,femoral neck,hemiarthroplasty,48.3,0,4,0,365,0
H0013,74,Female,3,0,nursing home,femoral neck,hemiarthroplasty,37.5,1,11,0,365,0
H0014,77,Male,2,0,home,femoral neck,hemiarthroplasty,36.6,1,30,0,365,0
H0015,83,Male,4,0,home,femoral neck,hemiarthroplasty,21,1,5,1,12,1
H0016,92,Female,3,0,home,femoral neck,hemiarthroplasty,21.2,1,20,0,199,1
H0017,85,Male,3,0,home,femoral neck,screws,40.2,1,7,0,365,0
H0018,72,Female,4,0,home,trochanteric,nail,113.6,0,7,0,365,0
H0019,85,Female,3,0,home,femoral neck,hemiarthroplasty,36.4,1,8,0,365,0
H0020,79,Female,1,0,home,trochanteric,nail,20.4,1,5,0,365,0
H0021,76,Female,3,0,home,trochanteric,nail,9.8,1,15,0,365,0
H0022,77,Male,3,0,home,trochanteric,nail,32,1,11,0,365,0
H0023,85,Male,2,1,nursing home,femoral neck,hemiarthroplasty,8.5,1,11,0,365,0
H0024,74,Female,3,0,home,femoral neck,screws,23.5,1,10,0,365,0
H0025,89,Female,3,0,home,femoral neck,hemiarthroplasty,15.7,1,11,0,365,0
H0026,79,Female,3,0,home,femoral neck,screws,29.8,1,10,0,365,0
H0027,89,Male,2,1,home,trochanteric,nail,83.4,0,13,0,71,1
H0028,81,Female,4,0,home,trochanteric,nail,19.6,1,8,0,365,0
H0029,73,Female,4,0,home,trochanteric,nail,40.9,1,5,0,365,0
H0030,94,Male,3,1,home,femoral neck,hemiarthroplasty,25.9,1,12,0,365,0
H0031,88,Female,3,0,home,femoral neck,hemiarthroplasty,30.6,1,19,0,365,0
H0032,83,Female,1,0,home,femoral neck,screws,20.3,1,10,0,43,1
H0033,84,Female,3,0,home,femoral neck,hemiarthroplasty,58.3,0,7,1,25,1
H0034,78,Female,4,0,home,trochanteric,nail,30.6,1,6,0,365,0
H0035,76,Female,2,0,home,femoral neck,hemiarthroplasty,11.6,1,17,0,190,1
H0036,79,Female,3,0,home,femoral neck,hemiarthroplasty,81.8,0,9,0,365,0
H0037,79,Male,3,0,nursing home,trochanteric,nail,63.1,0,11,0,365,0
H0038,77,Female,3,0,home,femoral neck,hemiarthroplasty,40.6,1,8,0,365,0
H0039,79,Female,2,0,home,femoral neck,hemiarthroplasty,22.9,1,10,0,204,1
H0040,88,Male,4,1,home,femoral neck,hemiarthroplasty,29.5,1,16,0,365,0
H0041,95,Female,3,1,home,femoral neck,hemiarthroplasty,33.9,1,7,0,365,0
H0042,95,Female,3,0,home,femoral neck,hemiarthroplasty,23,1,10,0,223,1
H0043,79,Female,3,0,home,trochanteric,nail,13.9,1,9,0,365,0
H0044,92,Male,2,0,home,femoral neck,hemiarthroplasty,16.3,1,10,0,365,0
H0045,89,Male,3,0,home,trochanteric,nail,14.9,1,16,0,365,0
H0046,83,Male,3,0,nursing home,femoral neck,hemiarthroplasty,67.2,0,23,1,23,1
H0047,84,Female,2,0,home,trochanteric,nail,18.9,1,9,0,365,0
H0048,93,Female,1,0,home,femoral neck,hemiarthroplasty,44.3,1,7,0,365,0
H0049,84,Female,4,0,home,trochanteric,nail,24.4,1,3,1,3,1
H0050,84,Female,2,0,home,trochanteric,nail,18.3,1,9,0,365,0
H0051,84,Female,3,0,home,femoral neck,hemiarthroplasty,24.5,1,7,0,365,0
H0052,82,Male,4,0,home,trochanteric,nail,30,1,15,0,365,0
H0053,87,Female,3,0,home,trochanteric,nail,45.9,1,11,0,69,1
H0054,90,Female,3,1,home,trochanteric,nail,11,1,14,0,320,1
H0055,85,Female,2,0,home,femoral neck,screws,31.9,1,7,0,365,0
H0056,81,Male,2,0,home,trochanteric,nail,53.8,0,11,1,23,1
H0057,88,Male,2,0,home,femoral neck,hemiarthroplasty,24.9,1,7,0,365,0
H0058,81,Female,3,0,home,trochanteric,nail,52.3,0,6,0,365,0
H0059,86,Female,3,0,home,femoral neck,hemiarthroplasty,46.5,1,14,0,365,0
H0060,90,Male,2,1,home,femoral neck,hemiarthroplasty,12.3,1,11,0,365,0
H0061,93,Female,3,0,nursing home,femoral neck,hemiarthroplasty,9.3,1,6,0,365,0
H0062,72,Female,2,0,home,trochanteric,nail,43.7,1,9,0,365,0
H0063,96,Female,3,1,nursing home,trochanteric,nail,21.7,1,9,0,365,0
H0064,94,Male,3,1,nursing home,femoral neck,screws,28.8,1,15,0,365,0
H0065,91,Female,3,0,home,trochanteric,nail,48.9,0,6,0,365,0
H0066,84,Female,1,1,nursing home,femoral neck,hemiarthroplasty,14.8,1,17,0,32,1
H0067,93,Female,4,0,home,trochanteric,nail,13.4,1,16,0,126,1
H0068,81,Female,3,0,home,femoral neck,hemiarthroplasty,18.9,1,11,0,365,0
H0069,77,Female,4,0,home,trochanteric,nail,34.9,1,14,0,168,1
H0070,90,Male,3,0,home,trochanteric,nail,22.1,1,10,0,365,0
H0071,86,Female,2,0,home,femoral neck,hemiarthroplasty,40.5,1,8,1,8,1
H0072,84,Female,2,0,home,trochanteric,nail,38.7,1,9,0,365,0
H0073,82,Male,3,0,home,trochanteric,nail,65.1,0,11,0,365,0
H0074,93,Female,3,1,nursing home,trochanteric,nail,49.3,0,10,0,365,0
H0075,85,Female,3,0,nursing home,femoral neck,screws,10.8,1,15,0,365,0
H0076,73,Male,2,0,home,femoral neck,hemiarthroplasty,16.6,1,9,0,365,0
H0077,82,Male,3,0,home,femoral neck,hemiarthroplasty,21.9,1,6,0,365,0
H0078,73,Female,2,0,home,femoral neck,hemiarthroplasty,35.3,1,10,0,365,0
H0079,98,Female,3,0,home,femoral neck,hemiarthroplasty,22.6,1,14,0,60,1
H0080,76,Female,3,0,home,femoral neck,hemiarthroplasty,7.2,1,4,0,365,0
H0081,85,Male,3,1,home,femoral neck,hemiarthroplasty,26.2,1,7,0,190,1
H0082,79,Female,3,0,home,trochanteric,nail,14.9,1,8,0,365,0
H0083,100,Female,3,0,home,femoral neck,hemiarthroplasty,16.5,1,6,0,364,1
H0084,85,Female,3,0,home,femoral neck,screws,21.5,1,11,0,365,0
H0085,81,Female,2,0,home,femoral neck,hemiarthroplasty,46.3,1,7,0,142,1
H0086,80,Female,3,1,nursing home,femoral neck,hemiarthroplasty,26.9,1,13,0,365,0
H0087,97,Female,2,1,home,femoral neck,screws,41.9,1,5,0,123,1
H0088,77,Female,2,0,home,femoral neck,hemiarthroplasty,22.6,1,7,0,365,0
H0089,94,Female,4,0,nursing home,femoral neck,hemiarthroplasty,45.7,1,9,0,365,0
H0090,86,Female,3,0,home,trochanteric,nail,57.9,0,8,0,144,1
H0091,82,Female,3,0,nursing home,trochanteric,nail,44.2,1,9,0,365,0
H0092,98,Female,3,0,home,femoral neck,hemiarthroplasty,6.5,1,8,0,117,1
H0093,82,Female,2,0,home,femoral neck,hemiarthroplasty,61.2,0,14,0,365,0
H0094,73,Female,3,0,home,femoral neck,hemiarthroplasty,84.7,0,15,0,365,0
H0095,84,Female,3,0,home,trochanteric,nail,38.1,1,16,0,365,0
H0096,83,Female,1,0,home,femoral neck,hemiarthroplasty,14.9,1,16,0,365,0
H0097,76,Female,3,0,home,femoral neck,screws,41.8,1,8,0,365,0
H0098,87,Male,3,0,home,femoral neck,hemiarthroplasty,46.5,1,22,0,239,1
H0099,91,Female,3,0,home,trochanteric,nail,47.2,1,16,1,18,1
H0100,83,Female,3,0,home,femoral neck,hemiarthroplasty,18.8,1,9,0,365,0
H0101,83,Female,3,0,home,femoral neck,hemiarthroplasty,18,1,7,0,365,0
H0102,89,Male,3,0,home,trochanteric,nail,52.7,0,16,0,365,0
H0103,82,Male,2,0,home,trochanteric,nail,58.4,0,11,0,365,0
H0104,83,Female,2,0,home,femoral neck,hemiarthroplasty,12.2,1,10,0,365,0
H0105,72,Female,3,0,home,femoral neck,hemiarthroplasty,25.6,1,12,0,317,1
H0106,85,Male,3,1,home,trochanteric,nail,70.7,0,9,0,365,0
H0107,78,Female,3,0,home,femoral neck,hemiarthroplasty,23.1,1,19,0,365,0
H0108,84,Male,3,0,home,trochanteric,nail,16,1,8,1,26,1
H0109,90,Female,3,0,home,trochanteric,nail,67.1,0,10,0,365,0
H0110,93,Female,2,0,home,trochanteric,nail,11,1,10,0,365,0
H0111,84,Male,3,0,home,femoral neck,hemiarthroplasty,55.6,0,4,0,365,0
H0112,77,Female,3,0,home,femoral neck,hemiarthroplasty,12.8,1,7,0,365,0
H0113,100,Male,3,0,home,trochanteric,nail,28,1,13,1,13,1
H0114,79,Male,3,0,home,trochanteric,nail,28.7,1,16,0,365,0
H0115,87,Female,2,1,home,femoral neck,hemiarthroplasty,22.8,1,13,0,365,0
H0116,89,Male,4,0,home,femoral neck,hemiarthroplasty,9.1,1,7,0,130,1
H0117,98,Female,2,0,home,femoral neck,hemiarthroplasty,46.1,1,13,0,223,1
H0118,81,Female,4,0,home,trochanteric,nail,13.4,1,12,0,365,0
H0119,82,Female,3,0,home,femoral neck,hemiarthroplasty,11.6,1,7,0,365,0
H0120,76,Female,4,0,home,trochanteric,nail,14.7,1,17,0,50,1
H0121,91,Female,4,1,nursing home,femoral neck,hemiarthroplasty,27.5,1,18,0,365,0
H0122,76,Female,4,0,home,trochanteric,nail,30.2,1,9,0,365,0
H0123,81,Male,4,0,home,trochanteric,nail,22.7,1,15,0,365,0
H0124,85,Female,3,0,home,trochanteric,nail,31.4,1,6,0,365,0
H0125,88,Male,3,0,home,femoral neck,hemiarthroplasty,32.7,1,10,0,341,1
H0126,76,Male,3,0,home,trochanteric,nail,19.6,1,7,0,365,0
H0127,75,Female,3,0,home,trochanteric,nail,17.7,1,5,0,365,0
H0128,91,Female,4,0,home,trochanteric,nail,21.5,1,21,0,365,0
H0129,82,Male,2,0,home,femoral neck,hemiarthroplasty,21.1,1,12,0,365,0
H0130,75,Male,2,0,home,femoral neck,hemiarthroplasty,40.2,1,12,0,365,0
H0131,91,Female,3,0,home,trochanteric,nail,21.8,1,6,0,365,0
H0132,94,Female,3,0,nursing home,trochanteric,nail,11.8,1,8,0,365,0
H0133,82,Female,2,0,home,femoral neck,hemiarthroplasty,31.3,1,10,0,365,0
H0134,73,Female,2,1,nursing home,femoral neck,hemiarthroplasty,32,1,12,0,184,1
H0135,87,Female,3,0,home,trochanteric,nail,24.6,1,4,0,365,0
H0136,75,Female,2,0,home,femoral neck,hemiarthroplasty,36.3,1,7,0,365,0
H0137,93,Female,2,0,nursing home,trochanteric,nail,20.6,1,9,0,365,0
H0138,84,Female,3,0,home,femoral neck,hemiarthroplasty,25.6,1,13,0,365,0
H0139,84,Male,3,1,nursing home,femoral neck,screws,15.6,1,6,0,365,0
H0140,86,Female,3,0,home,trochanteric,nail,16.7,1,12,0,365,0
H0141,94,Female,3,0,home,femoral neck,hemiarthroplasty,48.4,0,8,0,365,0
H0142,90,Female,3,0,home,trochanteric,nail,7.4,1,6,0,365,0
H0143,87,Male,3,1,nursing home,femoral neck,hemiarthroplasty,28.2,1,11,0,246,1
H0144,76,Female,4,0,home,trochanteric,nail,10,1,12,0,365,0
H0145,82,Female,4,0,home,femoral neck,screws,49.8,0,18,0,365,0
H0146,78,Female,3,0,home,femoral neck,hemiarthroplasty,51.4,0,7,0,365,0
H0147,85,Female,4,0,home,femoral neck,hemiarthroplasty,31,1,16,0,365,0
H0148,75,Male,3,0,nursing home,trochanteric,nail,60.2,0,10,0,365,0
H0149,80,Male,4,0,home,trochanteric,nail,21.2,1,10,0,365,0
H0150,83,Female,3,0,home,femoral neck,hemiarthroplasty,18.4,1,6,0,365,0
H0151,85,Female,2,0,home,trochanteric,nail,22.1,1,7,0,310,1
H0152,82,Male,3,0,home,femoral neck,hemiarthroplasty,22.2,1,10,0,339,1
H0153,86,Male,3,0,home,femoral neck,hemiarthroplasty,15.8,1,10,0,365,1
H0154,78,Female,4,0,home,femoral neck,hemiarthroplasty,7.6,1,14,0,365,0
H0155,87,Female,3,0,home,femoral neck,hemiarthroplasty,135.9,0,14,1,24,1
H0156,88,Female,2,0,home,femoral neck,hemiarthroplasty,53.3,0,9,0,357,1
H0157,92,Female,3,1,nursing home,femoral neck,hemiarthroplasty,38.2,1,6,0,42,1
H0158,79,Female,3,0,home,femoral neck,hemiarthroplasty,48,1,7,0,365,0
H0159,82,Female,3,0,home,femoral neck,hemiarthroplasty,7.3,1,20,0,365,0
H0160,89,Female,2,0,home,trochanteric,nail,26.6,1,7,0,77,1
H0161,83,Female,2,0,home,trochanteric,nail,20.4,1,8,0,365,0
H0162,83,Female,4,0,home,trochanteric,nail,84.8,0,6,0,365,0
H0163,83,Male,3,0,home,femoral neck,hemiarthroplasty,41.6,1,8,0,365,0
H0164,84,Female,3,0,home,trochanteric,nail,17.5,1,14,0,365,0
H0165,85,Male,4,0,home,femoral neck,screws,54.7,0,9,0,365,0
H0166,73,Male,3,0,home,femoral neck,hemiarthroplasty,12,1,30,0,365,0
H0167,81,Female,3,0,home,trochanteric,nail,16.4,1,10,0,365,0
H0168,85,Female,2,0,home,trochanteric,nail,10.9,1,9,0,365,0
H0169,82,Female,3,0,home,femoral neck,hemiarthroplasty,25.9,1,10,0,365,0
H0170,89,Female,2,0,nursing home,trochanteric,nail,30.5,1,11,0,365,0
H0171,82,Female,2,0,home,trochanteric,nail,11.8,1,11,0,365,0
H0172,86,Female,3,0,home,femoral neck,screws,37.1,1,12,0,365,0
H0173,76,Male,2,0,home,trochanteric,nail,26.5,1,12,0,365,0
H0174,78,Male,3,0,home,femoral neck,hemiarthroplasty,41.1,1,6,0,365,0
H0175,81,Female,2,0,home,femoral neck,hemiarthroplasty,36,1,7,0,365,0
H0176,76,Male,3,1,home,trochanteric,nail,47.3,1,10,1,10,1
H0177,79,Male,2,0,home,trochanteric,nail,18,1,9,0,365,0
H0178,75,Male,2,0,home,trochanteric,nail,62.4,0,8,0,365,0
H0179,97,Female,3,0,nursing home,femoral neck,hemiarthroplasty,39,1,9,0,365,0
H0180,78,Male,3,0,home,trochanteric,nail,10.6,1,7,0,145,1
H0181,77,Female,2,0,home,trochanteric,nail,17,1,7,0,57,1
H0182,76,Female,4,0,home,femoral neck,hemiarthroplasty,12.3,1,8,0,365,0
H0183,82,Male,3,0,home,femoral neck,screws,41.4,1,10,0,365,0
H0184,73,Female,2,0,home,femoral neck,hemiarthroplasty,17.2,1,11,0,365,0
H0185,87,Female,3,1,home,trochanteric,nail,14.8,1,6,0,365,0
H0186,83,Female,3,0,home,femoral neck,screws,28.8,1,14,0,365,0
H0187,79,Female,1,0,home,trochanteric,nail,15.9,1,19,0,365,0
H0188,87,Female,2,0,home,trochanteric,nail,15.5,1,9,0,365,0
H0189,81,Female,3,0,home,trochanteric,nail,21.1,1,11,0,365,0
H0190,81,Female,4,0,home,femoral neck,hemiarthroplasty,10.9,1,10,0,365,0
H0191,85,Female,3,0,home,trochanteric,nail,14.6,1,10,0,365,0
H0192,79,Male,2,0,home,femoral neck,hemiarthroplasty,28.5,1,11,0,365,0
H0193,76,Female,4,0,home,trochanteric,nail,49,0,22,0,365,0
H0194,75,Female,2,0,home,femoral neck,hemiarthroplasty,30.9,1,10,0,365,0
H0195,80,Female,3,0,home,trochanteric,nail,32,1,15,0,209,1
H0196,85,Female,3,0,nursing home,trochanteric,nail,24.2,1,7,1,29,1
H0197,87,Female,3,1,home,femoral neck,hemiarthroplasty,14.4,1,4,0,136,1
H0198,79,Male,2,1,home,trochanteric,nail,31.1,1,7,0,365,0
H0199,78,Female,3,0,home,femoral neck,hemiarthroplasty,115.1,0,13,1,13,1
H0200,74,Male,2,0,home,trochanteric,nail,17,1,11,0,365,0
H0201,81,Female,3,0,nursing home,trochanteric,nail,22.5,1,16,0,365,0
H0202,79,Female,3,0,nursing home,femoral neck,hemiarthroplasty,23.8,1,6,0,365,0
H0203,84,Female,3,1,nursing home,femoral neck,hemiarthroplasty,62.6,0,11,0,365,0
H0204,83,Female,3,0,home,trochanteric,nail,12.9,1,11,0,365,0
H0205,75,Female,2,0,home,femoral neck,hemiarthroplasty,52.7,0,8,0,365,0
H0206,81,Male,2,0,home,trochanteric,nail,36.8,1,14,0,365,0
H0207,82,Male,2,0,home,femoral neck,hemiarthroplasty,119.9,0,13,1,20,1
H0208,78,Male,3,0,nursing home,trochanteric,nail,17.6,1,6,0,365,0
H0209,83,Female,2,0,home,trochanteric,nail,35.1,1,13,0,171,1
H0210,77,Female,2,0,home,trochanteric,nail,35.9,1,10,1,10,1
H0211,93,Female,2,0,home,trochanteric,nail,38.5,1,14,0,365,0
H0212,83,Female,3,0,home,trochanteric,nail,57,0,7,0,365,0
H0213,81,Female,3,0,home,trochanteric,nail,16,1,9,0,365,0
H0214,80,Female,2,1,home,trochanteric,nail,29.6,1,17,0,365,0
H0215,84,Male,2,0,home,femoral neck,hemiarthroplasty,10.9,1,11,0,365,0
H0216,79,Female,2,0,nursing home,trochanteric,nail,36.5,1,17,0,365,0
H0217,80,Male,1,0,home,femoral neck,hemiarthroplasty,26,1,7,0,282,1
H0218,89,Female,3,0,home,trochanteric,nail,45.3,1,13,1,30,1
H0219,84,Female,4,0,home,trochanteric,nail,13.8,1,15,0,365,0
H0220,89,Female,2,0,home,femoral neck,hemiarthroplasty,34.1,1,10,0,365,0
H0221,77,Male,4,1,home,trochanteric,nail,63.1,0,11,1,11,1
H0222,83,Female,2,0,home,femoral neck,hemiarthroplasty,10.3,1,9,0,365,0
H0223,82,Female,3,0,home,femoral neck,hemiarthroplasty,13.6,1,11,1,15,1
H0224,83,Female,2,1,nursing home,femoral neck,hemiarthroplasty,52.4,0,12,0,365,0
H0225,90,Female,3,0,home,trochanteric,nail,79,0,15,1,18,1
H0226,78,Male,3,0,nursing home,trochanteric,nail,21.1,1,10,0,365,0
H0227,87,Male,3,0,nursing home,trochanteric,nail,17.9,1,10,0,88,1
H0228,87,Male,2,0,home,femoral neck,hemiarthroplasty,15.8,1,5,0,128,1
H0229,92,Male,3,1,nursing home,femoral neck,hemiarthroplasty,8.2,1,8,0,365,0
H0230,98,Female,3,0,home,trochanteric,nail,30.2,1,11,1,13,1
H0231,82,Female,2,0,home,femoral neck,hemiarthroplasty,31.1,1,13,0,365,0
H0232,88,Male,3,0,home,femoral neck,screws,32.2,1,8,0,365,0
H0233,79,Female,3,0,home,trochanteric,nail,36.1,1,11,0,365,0
H0234,93,Female,2,0,home,femoral neck,hemiarthroplasty,31.5,1,7,0,359,1
H0235,90,Male,1,0,home,femoral neck,hemiarthroplasty,38.9,1,18,0,365,0
H0236,83,Female,2,0,home,trochanteric,nail,21.8,1,17,0,365,0
H0237,94,Female,3,1,nursing home,femoral neck,hemiarthroplasty,13.5,1,9,0,339,1
H0238,97,Female,3,0,home,femoral neck,hemiarthroplasty,37.5,1,10,0,365,0
H0239,84,Male,3,0,home,trochanteric,nail,25.2,1,23,0,365,0
H0240,81,Female,3,0,home,trochanteric,nail,15.8,1,17,0,365,0
H0241,89,Male,3,0,home,trochanteric,nail,41.5,1,6,0,181,1
H0242,77,Male,3,1,home,femoral neck,hemiarthroplasty,9.5,1,8,0,365,0
H0243,78,Male,1,0,home,femoral neck,hemiarthroplasty,12.4,1,12,0,365,0
H0244,75,Female,3,0,home,trochanteric,nail,35.9,1,13,0,365,0
H0245,84,Male,3,0,nursing home,trochanteric,nail,33.1,1,7,1,20,1
H0246,79,Female,2,0,home,femoral neck,screws,60.6,0,7,0,365,0
H0247,100,Female,3,0,home,femoral neck,hemiarthroplasty,15.9,1,14,0,78,1
H0248,92,Female,3,0,home,femoral neck,hemiarthroplasty,27.1,1,8,1,8,1
H0249,82,Female,2,0,home,trochanteric,nail,65.6,0,10,0,365,0
H0250,88,Female,3,0,home,femoral neck,hemiarthroplasty,15.4,1,8,0,365,0
H0251,87,Male,4,0,home,trochanteric,nail,68.5,0,19,0,88,1
H0252,75,Female,4,0,home,femoral neck,hemiarthroplasty,131.2,0,6,1,13,1
H0253,100,Female,4,1,nursing home,femoral neck,screws,30.4,1,11,0,163,1
H0254,96,Female,3,1,nursing home,trochanteric,nail,28.5,1,11,0,365,0
H0255,87,Male,3,0,home,trochanteric,nail,19.1,1,14,0,94,1
H0256,84,Female,3,0,home,femoral neck,hemiarthroplasty,26.6,1,23,0,365,0
H0257,100,Male,3,1,nursing home,trochanteric,nail,25.6,1,6,0,312,1
H0258,82,Female,4,0,home,femoral neck,hemiarthroplasty,47.5,1,11,0,365,0
H0259,78,Female,2,0,nursing home,trochanteric,nail,24.7,1,11,0,365,0
H0260,80,Female,2,0,home,trochanteric,nail,42.1,1,9,0,365,0
H0261,81,Female,3,0,home,femoral neck,hemiarthroplasty,16.6,1,12,0,365,0
H0262,89,Female,2,0,home,femoral neck,hemiarthroplasty,13.1,1,13,0,365,0
H0263,76,Male,2,1,home,femoral neck,hemiarthroplasty,7.3,1,8,0,365,0
H0264,78,Female,3,1,home,trochanteric,nail,26.3,1,10,0,365,0
H0265,86,Male,3,1,home,femoral neck,hemiarthroplasty,32.7,1,9,0,116,1
H0266,84,Female,1,0,nursing home,trochanteric,nail,23.5,1,8,0,365,0
H0267,81,Male,2,0,home,femoral neck,hemiarthroplasty,24.1,1,8,0,256,1
H0268,75,Female,3,0,home,femoral neck,hemiarthroplasty,68.4,0,11,0,365,0
H0269,77,Male,2,1,home,femoral neck,hemiarthroplasty,19.7,1,7,0,365,0
H0270,97,Female,1,0,home,femoral neck,hemiarthroplasty,53.9,0,14,0,197,1
H0271,71,Male,3,0,home,trochanteric,nail,25.5,1,14,0,365,0
H0272,100,Female,2,0,nursing home,femoral neck,screws,47.9,1,11,0,328,1
H0273,88,Female,1,0,home,femoral neck,screws,28.3,1,9,0,188,1
H0274,100,Female,2,1,nursing home,femoral neck,screws,20.3,1,13,0,365,0
H0275,90,Female,4,0,nursing home,trochanteric,nail,42.7,1,7,0,365,0
H0276,86,Male,2,0,home,trochanteric,nail,8.3,1,12,0,365,0
H0277,83,Female,2,1,nursing home,femoral neck,hemiarthroplasty,40.5,1,12,0,48,1
H0278,82,Male,2,0,home,femoral neck,hemiarthroplasty,18.6,1,5,0,96,1
H0279,82,Female,3,0,home,femoral neck,hemiarthroplasty,18.3,1,17,0,365,0
H0280,82,Female,3,1,nursing home,trochanteric,nail,27.1,1,18,0,365,0
H0281,74,Male,3,0,home,trochanteric,nail,14.4,1,9,0,323,1
H0282,85,Male,3,1,home,femoral neck,screws,30.8,1,5,1,23,1
H0283,84,Male,1,0,home,femoral neck,hemiarthroplasty,14.5,1,7,0,287,1
H0284,88,Male,3,0,home,femoral neck,hemiarthroplasty,18,1,11,0,365,0
H0285,78,Female,2,0,home,trochanteric,nail,48.8,0,8,0,365,0
H0286,96,Male,3,1,home,femoral neck,hemiarthroplasty,14.9,1,8,0,201,1
H0287,84,Female,3,0,home,trochanteric,nail,27.2,1,8,0,365,0
H0288,85,Male,3,0,home,trochanteric,nail,45,1,8,0,365,0
H0289,86,Male,3,0,home,femoral neck,hemiarthroplasty,47.8,1,7,0,365,0
H0290,88,Female,3,0,home,trochanteric,nail,21.2,1,17,0,365,0
H0291,90,Male,4,1,home,femoral neck,hemiarthroplasty,20.3,1,6,0,141,1
H0292,95,Female,2,0,home,femoral neck,screws,66.5,0,9,0,365,0
H0293,81,Female,3,0,home,femoral neck,hemiarthroplasty,17.2,1,7,0,365,0
H0294,94,Male,3,1,nursing home,trochanteric,nail,34,1,11,0,163,1
H0295,93,Female,3,1,home,trochanteric,nail,19.1,1,6,0,137,1
H0296,85,Male,3,0,home,trochanteric,nail,30.1,1,6,0,365,0
H0297,71,Male,1,0,home,femoral neck,screws,41.7,1,13,0,365,0
H0298,78,Female,3,0,home,trochanteric,nail,9.8,1,7,0,365,0
H0299,93,Female,3,0,home,femoral neck,screws,65.8,0,14,0,365,0
H0300,79,Female,3,0,home,trochanteric,nail,26.7,1,13,0,365,0
H0301,91,Female,2,0,home,trochanteric,nail,90.8,0,10,0,365,0
H0302,85,Female,3,0,home,femoral neck,hemiarthroplasty,14.7,1,16,0,259,1
H0303,81,Female,3,0,home,femoral neck,screws,45.3,1,8,0,365,0
H0304,80,Male,3,0,home,femoral neck,screws,13.9,1,5,0,365,0
H0305,72,Female,2,0,home,trochanteric,nail,18.4,1,9,0,365,0
H0306,69,Female,2,0,home,femoral neck,hemiarthroplasty,33.3,1,11,0,365,0
H0307,73,Female,3,0,home,femoral neck,hemiarthroplasty,20.9,1,13,0,365,0
H0308,83,Female,3,0,home,trochanteric,nail,27.9,1,5,0,66,1
H0309,77,Female,3,0,home,trochanteric,nail,53.8,0,4,0,365,0
H0310,83,Female,3,0,home,trochanteric,nail,14.8,1,12,0,365,0
H0311,94,Female,3,0,home,femoral neck,hemiarthroplasty,28.1,1,11,0,132,1
H0312,72,Male,3,0,home,trochanteric,nail,18.8,1,7,0,365,0
H0313,83,Female,4,1,home,trochanteric,nail,11.4,1,13,0,100,1
H0314,100,Female,2,1,home,trochanteric,nail,43.9,1,31,0,115,1
H0315,87,Female,3,0,home,femoral neck,hemiarthroplasty,40.7,1,10,0,365,0
H0316,85,Female,4,0,home,trochanteric,nail,39.2,1,13,0,365,0
H0317,86,Male,3,0,nursing home,trochanteric,nail,56,0,5,0,323,1
H0318,86,Female,2,0,home,femoral neck,hemiarthroplasty,14,1,9,0,365,0
H0319,77,Female,3,0,home,femoral neck,hemiarthroplasty,156.4,0,13,1,15,1
H0320,100,Female,2,0,home,femoral neck,hemiarthroplasty,64.4,0,6,0,46,1
H0321,85,Male,3,0,nursing home,trochanteric,nail,21.3,1,9,0,365,0
H0322,79,Female,3,0,home,femoral neck,hemiarthroplasty,17.4,1,10,0,365,0
H0323,88,Female,2,0,home,femoral neck,hemiarthroplasty,18.2,1,10,0,365,0
H0324,74,Female,2,1,nursing home,trochanteric,nail,6.4,1,13,0,365,0
H0325,88,Female,3,0,home,femoral neck,hemiarthroplasty,38.6,1,14,0,365,0
H0326,78,Female,4,0,home,trochanteric,nail,38.3,1,12,0,365,0
H0327,73,Male,2,0,nursing home,femoral neck,hemiarthroplasty,14.8,1,6,0,365,0
H0328,75,Female,3,0,home,femoral neck,screws,32,1,9,0,365,0
H0329,84,Female,2,1,home,femoral neck,hemiarthroplasty,53.2,0,11,0,365,0
H0330,94,Female,3,0,home,femoral neck,screws,23.3,1,14,0,365,0
H0331,78,Female,3,0,home,femoral neck,hemiarthroplasty,13.4,1,17,0,365,0
H0332,93,Female,3,0,home,trochanteric,nail,33.6,1,10,0,346,1
H0333,80,Female,2,0,home,trochanteric,nail,18.7,1,16,0,39,1
H0334,81,Male,3,0,home,trochanteric,nail,22,1,6,0,365,0
H0335,94,Male,3,1,home,trochanteric,nail,24.5,1,17,0,256,1
H0336,92,Female,3,1,nursing home,femoral neck,hemiarthroplasty,33.8,1,16,0,365,0
H0337,79,Female,3,0,nursing home,trochanteric,nail,35.5,1,4,0,254,1
H0338,89,Male,2,0,home,femoral neck,hemiarthroplasty,17.8,1,12,0,365,0
H0339,82,Female,1,0,home,trochanteric,nail,30.6,1,16,0,365,0
H0340,84,Male,1,0,home,trochanteric,nail,29.4,1,7,0,365,0
H0341,91,Female,3,0,home,trochanteric,nail,34.2,1,10,0,319,1
H0342,96,Female,4,0,nursing home,trochanteric,nail,30.2,1,13,0,211,1
H0343,80,Male,3,0,home,femoral neck,hemiarthroplasty,28.6,1,19,0,365,0
H0344,79,Female,3,0,home,trochanteric,nail,21.7,1,16,0,365,0
H0345,87,Female,3,0,home,femoral neck,hemiarthroplasty,15.1,1,14,0,365,0
H0346,99,Female,3,1,home,femoral neck,hemiarthroplasty,31.8,1,19,0,158,1
H0347,72,Male,3,0,home,trochanteric,nail,53.9,0,10,0,365,0
H0348,78,Male,4,0,home,trochanteric,nail,10.9,1,8,0,365,0
H0349,78,Male,3,0,home,trochanteric,nail,37.6,1,10,0,365,0
H0350,95,Male,2,1,nursing home,trochanteric,nail,28.9,1,7,1,21,1
H0351,77,Female,3,0,home,femoral neck,hemiarthroplasty,26.9,1,8,0,365,0
H0352,82,Male,2,0,home,trochanteric,nail,64.2,0,9,0,126,1
H0353,90,Female,3,0,home,trochanteric,nail,30,1,6,0,83,1
H0354,100,Female,3,0,home,femoral neck,hemiarthroplasty,11.3,1,9,0,52,1
H0355,77,Male,2,0,home,trochanteric,nail,23.3,1,18,0,365,0
H0356,75,Female,3,1,home,femoral neck,hemiarthroplasty,15,1,15,0,365,0
H0357,76,Female,3,0,home,femoral neck,hemiarthroplasty,29.9,1,14,0,365,0
H0358,82,Male,2,0,home,trochanteric,nail,19.1,1,11,0,365,0
H0359,88,Female,3,0,home,trochanteric,nail,16.4,1,10,0,197,1
H0360,86,Female,2,0,home,femoral neck,hemiarthroplasty,15.9,1,13,0,365,0
H0361,72,Female,3,0,home,trochanteric,nail,45.1,1,9,0,365,0
H0362,86,Male,3,0,nursing home,trochanteric,nail,10.1,1,15,0,262,1
H0363,82,Female,4,0,home,trochanteric,nail,25.8,1,18,0,365,0
H0364,90,Female,3,0,home,femoral neck,hemiarthroplasty,36.5,1,13,1,24,1
H0365,89,Female,3,0,home,femoral neck,hemiarthroplasty,15.5,1,6,0,365,0
H0366,74,Female,4,1,home,trochanteric,nail,21.7,1,10,0,365,0
H0367,91,Female,3,1,home,trochanteric,nail,21.6,1,12,0,135,1
H0368,100,Female,3,1,nursing home,femoral neck,hemiarthroplasty,10.2,1,12,0,365,0
H0369,91,Female,4,0,nursing home,femoral neck,hemiarthroplasty,22.1,1,6,0,117,1
H0370,87,Female,3,1,home,femoral neck,hemiarthroplasty,10.9,1,17,0,365,0
H0371,92,Female,2,0,home,femoral neck,hemiarthroplasty,18.1,1,11,0,365,0
H0372,79,Female,3,0,home,femoral neck,hemiarthroplasty,16.2,1,7,0,365,0
H0373,94,Female,2,0,nursing home,femoral neck,screws,30.5,1,15,0,44,1
H0374,99,Female,3,0,home,trochanteric,nail,27,1,7,0,365,0
H0375,78,Male,3,0,home,femoral neck,hemiarthroplasty,22.4,1,12,0,365,0
H0376,84,Female,3,0,home,femoral neck,hemiarthroplasty,15.4,1,18,0,365,0
H0377,76,Female,2,1,nursing home,trochanteric,nail,14.8,1,20,0,365,0
H0378,79,Female,3,0,home,trochanteric,nail,35,1,16,0,365,0
H0379,84,Female,4,0,home,femoral neck,hemiarthroplasty,11.8,1,10,0,135,1
H0380,98,Male,2,0,home,femoral neck,screws,7,1,14,0,365,0
H0381,74,Male,3,0,home,trochanteric,nail,19.8,1,7,0,365,0
H0382,94,Female,3,0,home,trochanteric,nail,15.8,1,11,0,225,1
H0383,99,Male,3,0,home,femoral neck,hemiarthroplasty,28.9,1,13,1,17,1
H0384,81,Female,3,0,home,trochanteric,nail,45.9,1,12,0,365,0
H0385,77,Male,4,0,home,femoral neck,hemiarthroplasty,50,0,9,0,365,0
H0386,82,Female,2,0,home,trochanteric,nail,44.3,1,12,0,365,0
H0387,86,Female,3,0,home,femoral neck,hemiarthroplasty,25.1,1,10,0,365,0
H0388,86,Female,4,0,home,femoral neck,hemiarthroplasty,39.5,1,15,0,50,1
H0389,90,Female,2,0,home,trochanteric,nail,57.9,0,5,1,5,1
H0390,80,Female,3,0,home,femoral neck,screws,15.5,1,15,0,365,0
H0391,95,Female,3,0,home,trochanteric,nail,46.1,1,10,0,365,0
H0392,77,Female,3,0,home,femoral neck,hemiarthroplasty,43.6,1,9,0,365,0
H0393,78,Female,2,0,home,trochanteric,nail,23.8,1,12,0,132,1
H0394,100,Female,1,1,nursing home,trochanteric,nail,21,1,8,0,71,1
H0395,77,Female,3,0,home,femoral neck,hemiarthroplasty,43,1,10,0,365,0
H0396,80,Male,3,0,home,femoral neck,hemiarthroplasty,44.3,1,7,0,365,0
H0397,89,Female,2,0,nursing home,trochanteric,nail,19.8,1,7,0,365,0
H0398,94,Male,3,0,home,trochanteric,nail,16.3,1,7,0,365,0
H0399,84,Female,3,0,nursing home,trochanteric,nail,64.2,0,8,0,365,0
H0400,80,Female,3,0,nursing home,femoral neck,hemiarthroplasty,24.5,1,19,0,365,0
