hip_id,age,sex,alpha_dunn45_deg,alpha_frogleg_deg,torsion_ct_deg,torsion_budin_deg,crossover_sign
J001,19,Male,56.4,57.4,17.4,16.3,0
J002,31,Male,38.1,37.1,26.9,18,0
J003,36,Male,53.7,57.7,16.8,12.2,0
J004,27,Male,68.1,64.6,27.7,25.6,1
J005,30,Male,37.3,40.5,10.9,13.1,0
J006,22,Female,55.5,51.3,22.6,21.5,0
J007,34,Female,55,50.5,15.2,11.6,0
J008,25,Female,79.2,73.3,9.9,9.2,1
J009,30,Male,69.5,70.9,5.5,9.6,1
J010,26,Male,42.5,37.5,27.2,14.3,0
J011,41,Female,73.7,66.9,16.3,14.1,1
J012,23,Male,53.2,56.8,16.5,10.7,1
J013,30,Male,82.7,72.8,18.3,20.6,0
J014,30,Male,63,66.9,16,22.8,0
J015,29,Female,71.9,65.5,7.6,12,0
J016,18,Male,78.3,74.4,28.4,23.9,1
J017,39,Female,49.3,47.8,35.1,24.2,0
J018,28,Male,53,54,9.3,8.4,1
J019,29,Female,68.4,56.8,2.3,1.7,0
J020,35,Male,73.9,75.2,13.2,17.4,0
J021,18,Female,49.8,40.3,17.5,11.6,0
J022,33,Male,58,48.6,9.5,8.7,0
J023,29,Male,48.7,51.5,18.4,22.8,0
J024,31,Female,68,60.4,19.9,26.9,0
J025,30,Female,55.5,45,21.9,16.2,0
J026,23,Male,64.9,67.3,15.8,10.7,0
J027,35,Female,65.8,59.9,15.6,13.5,1
J028,42,Male,68.1,57.8,0.8,-5.2,0
J029,32,Female,61.8,61.1,20.8,18.9,0
J030,34,Female,73.1,70.1,2.3,5.4,0
J031,26,Female,60.8,59.9,21.1,21.4,0
J032,22,Male,53.3,52.7,23,21.3,1
J033,29,Male,73.8,66.7,20.7,14.9,1
J034,22,Female,54,43.6,23.4,14.3,0
J035,37,Female,60.7,58.6,23.6,27.3,0
J036,27,Male,88.5,81.6,10.4,4.1,0
J037,18,Female,50.7,50.4,9,6.6,0
J038,37,Female,65.9,61.4,28.6,19.3,0
J039,23,Male,56.5,47.3,-6.3,2.1,0
J040,31,Female,78.8,72.6,17.2,11.7,1
J041,30,Female,63.4,64.9,11.8,11.9,0
J042,28,Female,69.3,65.2,7.6,9.3,0
J043,35,Male,66.9,60.7,8.2,7,1
J044,36,Male,78,80.1,6.2,4.6,0
J045,30,Female,63.7,56.3,17.5,19.3,1
J046,31,Male,73.6,68.6,10.5,12.7,1
J047,29,Female,67.4,60.7,23.2,22.1,0
J048,35,Male,52.5,47.5,26.5,26.4,0
J049,30,Female,57,51,13.4,8.7,0
J050,19,Female,73.7,69.8,2.4,4.9,1
J051,29,Female,51.9,48,12.1,12.7,1
J052,36,Female,46.7,41.2,9.8,14.5,1
J053,39,Female,69.3,67.6,12.6,11.7,0
J054,18,Female,35.9,34,8,11.9,0
J055,39,Male,62.4,62.6,17.2,21.1,0
J056,19,Male,66.1,67.4,6,8.3,0
J057,37,Male,48.4,44.9,20.7,19,1
J058,36,Female,55.2,47.7,14.9,8.6,0
J059,31,Male,68.2,64.8,13.1,14.6,0
J060,34,Female,50.3,47,23.4,19.6,0
J061,24,Male,38.9,42.6,14.7,11.4,1
J062,29,Female,71.4,67.7,-2.7,-0.5,0
J063,25,Female,77,67.9,8.8,8.3,0
J064,26,Female,71.2,67.8,1.1,-2.4,1
J065,21,Female,55.8,53.2,-0.2,-0.4,0
J066,28,Male,42.6,47.4,7.5,10.8,0
J067,31,Female,66.8,66,3.2,6.9,0
J068,24,Male,54.9,44.3,16.3,19.5,1
J069,26,Male,54.1,43.8,23.4,16.4,1
J070,35,Male,60.3,53.6,-1.9,0.5,0
J071,31,Female,62.1,56.2,23.4,18.9,0
J072,30,Female,60.3,55,8.5,4.3,0
J073,31,Female,51.5,53.9,23.2,17.7,1
J074,33,Male,61.2,51.7,5.4,9.3,0
J075,26,Female,71.5,73,20,17.2,0
J076,19,Male,69.7,62.5,9.6,15,0
J077,35,Male,69.8,69.5,4.1,8,0
J078,28,Male,71.5,66.2,41.1,33.9,0
J079,40,Female,70.2,64.5,16.8,17.4,0
J080,33,Male,65.5,60.6,17,4.6,1
